product_code,product_name,product_group,brand,unit,vendor,cost_thb,price_private,price_government,price_dealer,price_last,gp_private,gp_dealer,gp_last,price_source,catalog_list_price,catalog_net_price,promo_catalog,promo_legacy,promo_min_qty,promo_free_qty,catalog_page,source_sheet,approval_required_below,status,notes
D-AD001-01,DX.BOND V Light Cure Adhesive - Total etch,,Sino-Dentex,กล่อง,"Sino-Dentex Co., Ltd.",168.0,650.0,720.0,460.0,280.0,0.7415,0.6348,0.4,PRICELIST_LEGACY,,,,3 Free 1,3.0,1.0,,Clinical product,price_last,OK,
D-AD004-01,DX.Etch 37 Dental Etching Gel - 5ml,,Sino-Dentex,หลอด,"Sino-Dentex Co., Ltd.",45.5,120.0,130.0,90.0,80.0,0.6208,0.4944,0.4313,PRICELIST_LEGACY,,,,10 Free 2,10.0,2.0,,Clinical product,price_last,OK,
H-AD001-01,HugeBond Universal (5ml),,VinciSmile,กล่อง,Shandong Huge Dental Material Corporaion,525.0,1750.0,1900.0,1300.0,880.0,0.7000000000000001,0.5962000000000001,0.40340000000000004,CATALOG_LIST,1750.0,1312.5,BUY 3 FREE 1,3 Free 1,3.0,1.0,p.36,Clinical product,price_last,OK,
H-AD002-01,P-Etchant phosphoric acid etching gel (3ml),,VinciSmile,กล่อง,Shandong Huge Dental Material Corporaion,122.5,350.0,390.0,250.0,210.0,0.65,0.51,0.4167,CATALOG_LIST,350.0,250.0,BUY 5 FREE 2 — แคตตาล็อกระบุ 350 (price list มี 2 ราคา 350/850),1 Free 1,5.0,2.0,p.36,Clinical product,price_last,OK,
H-AD003-01,HF-Etchant hydrofluoric acid etching gel (1.2ml),,VinciSmile,กล่อง,Shandong Huge Dental Material Corporaion,122.5,350.0,390.0,250.0,210.0,0.65,0.51,0.4167,CATALOG_LIST,350.0,250.0,BUY 5 FREE 2 — แคตตาล็อกระบุ 350 (price list เดิม 550),5 Free 2,5.0,2.0,p.37,Clinical product,price_last,OK,
H-CS006-01,TrusFIL Universal Composite Restorative - A1,,VinciSmile,กล่อง,Shandong Huge Dental Material Corporaion,161.0,850.0,940.0,600.0,270.0,0.8106,0.7317,0.4037,CATALOG_LIST,850.0,425.0,BUY 1 FREE 1 (TrusFIL ทุกเฉด),1 Free 1,1.0,1.0,p.36,Clinical product,price_last,OK,
H-CS006-02,TrusFIL Universal Composite Restorative - A2,,VinciSmile,กล่อง,Shandong Huge Dental Material Corporaion,161.0,850.0,940.0,600.0,270.0,0.8106,0.7317,0.4037,CATALOG_LIST,850.0,425.0,BUY 1 FREE 1 (TrusFIL ทุกเฉด),,1.0,1.0,p.36,Clinical product,price_last,OK,
H-CS006-03,TrusFIL Universal Composite Restorative - A3,,VinciSmile,กล่อง,Shandong Huge Dental Material Corporaion,161.0,850.0,940.0,600.0,270.0,0.8106,0.7317,0.4037,CATALOG_LIST,850.0,425.0,BUY 1 FREE 1 (TrusFIL ทุกเฉด),,1.0,1.0,p.36,Clinical product,price_last,OK,
H-CS006-04,TrusFIL Universal Composite Restorative - A3.5,,VinciSmile,กล่อง,Shandong Huge Dental Material Corporaion,161.0,850.0,940.0,600.0,270.0,0.8106,0.7317,0.4037,CATALOG_LIST,850.0,425.0,BUY 1 FREE 1 (TrusFIL ทุกเฉด),,1.0,1.0,p.36,Clinical product,price_last,OK,
H-CS006-05,TrusFIL Universal Composite Restorative - A5,,VinciSmile,กล่อง,Shandong Huge Dental Material Corporaion,161.0,850.0,940.0,600.0,270.0,0.8106,0.7317,0.4037,CATALOG_LIST,850.0,425.0,BUY 1 FREE 1 (TrusFIL ทุกเฉด),,1.0,1.0,p.36,Clinical product,price_last,OK,
H-CS006-06,TrusFIL Universal Composite Restorative - A4,,VinciSmile,กล่อง,Shandong Huge Dental Material Corporaion,161.0,850.0,940.0,600.0,270.0,0.8106,0.7317,0.4037,CATALOG_LIST,850.0,425.0,BUY 1 FREE 1 (TrusFIL ทุกเฉด),,1.0,1.0,p.36,Clinical product,price_last,OK,
H-CS006-07,TrusFIL Universal Composite Restorative - B1,,VinciSmile,กล่อง,Shandong Huge Dental Material Corporaion,161.0,850.0,940.0,600.0,270.0,0.8106,0.7317,0.4037,CATALOG_LIST,850.0,425.0,BUY 1 FREE 1 (TrusFIL ทุกเฉด),,1.0,1.0,p.36,Clinical product,price_last,OK,
H-CS006-08,TrusFIL Universal Composite Restorative - B2,,VinciSmile,กล่อง,Shandong Huge Dental Material Corporaion,161.0,850.0,940.0,600.0,270.0,0.8106,0.7317,0.4037,CATALOG_LIST,850.0,425.0,BUY 1 FREE 1 (TrusFIL ทุกเฉด),,1.0,1.0,p.36,Clinical product,price_last,OK,
H-CS006-09,TrusFIL Universal Composite Restorative - B3,,VinciSmile,กล่อง,Shandong Huge Dental Material Corporaion,161.0,850.0,940.0,600.0,270.0,0.8106,0.7317,0.4037,CATALOG_LIST,850.0,425.0,BUY 1 FREE 1 (TrusFIL ทุกเฉด),,1.0,1.0,p.36,Clinical product,price_last,OK,
H-CS006-10,TrusFIL Universal Composite Restorative - C1,,VinciSmile,กล่อง,Shandong Huge Dental Material Corporaion,161.0,850.0,940.0,600.0,270.0,0.8106,0.7317,0.4037,CATALOG_LIST,850.0,425.0,BUY 1 FREE 1 (TrusFIL ทุกเฉด),,1.0,1.0,p.36,Clinical product,price_last,OK,
H-CS006-11,TrusFIL Universal Composite Restorative - C2,,VinciSmile,กล่อง,Shandong Huge Dental Material Corporaion,161.0,850.0,940.0,600.0,270.0,0.8106,0.7317,0.4037,CATALOG_LIST,850.0,425.0,BUY 1 FREE 1 (TrusFIL ทุกเฉด),,1.0,1.0,p.36,Clinical product,price_last,OK,
H-CS006-12,TrusFIL Universal Composite Restorative - EA2,,VinciSmile,กล่อง,Shandong Huge Dental Material Corporaion,161.0,850.0,940.0,600.0,270.0,0.8106,0.7317,0.4037,CATALOG_LIST,850.0,425.0,BUY 1 FREE 1 (TrusFIL ทุกเฉด),,1.0,1.0,p.36,Clinical product,price_last,OK,
H-CS006-13,TrusFIL Universal Composite Restorative - OA2,,VinciSmile,กล่อง,Shandong Huge Dental Material Corporaion,161.0,850.0,940.0,600.0,270.0,0.8106,0.7317,0.4037,CATALOG_LIST,850.0,425.0,BUY 1 FREE 1 (TrusFIL ทุกเฉด),,1.0,1.0,p.36,Clinical product,price_last,OK,
H-CS007-01,TrusFIL-Flow Flowable Composite Restorative - A1,,VinciSmile,กล่อง,Shandong Huge Dental Material Corporaion,140.0,800.0,880.0,560.0,240.0,0.8250000000000001,0.75,0.4167,CATALOG_LIST,800.0,400.0,BUY 1 FREE 1 (TrusFIL-Flow ทุกเฉด),1 Free 1,1.0,1.0,p.36,Clinical product,price_last,OK,
H-CS007-02,TrusFIL-Flow Flowable Composite Restorative - A2,,VinciSmile,กล่อง,Shandong Huge Dental Material Corporaion,140.0,800.0,880.0,560.0,240.0,0.8250000000000001,0.75,0.4167,CATALOG_LIST,800.0,400.0,BUY 1 FREE 1 (TrusFIL-Flow ทุกเฉด),,1.0,1.0,p.36,Clinical product,price_last,OK,
H-CS007-03,TrusFIL-Flow Flowable Composite Restorative - A3,,VinciSmile,กล่อง,Shandong Huge Dental Material Corporaion,140.0,800.0,880.0,560.0,240.0,0.8250000000000001,0.75,0.4167,CATALOG_LIST,800.0,400.0,BUY 1 FREE 1 (TrusFIL-Flow ทุกเฉด),,1.0,1.0,p.36,Clinical product,price_last,OK,
H-CS007-04,TrusFIL-Flow Flowable Composite Restorative - B1,,VinciSmile,กล่อง,Shandong Huge Dental Material Corporaion,140.0,800.0,880.0,560.0,240.0,0.8250000000000001,0.75,0.4167,CATALOG_LIST,800.0,400.0,BUY 1 FREE 1 (TrusFIL-Flow ทุกเฉด),,1.0,1.0,p.36,Clinical product,price_last,OK,
H-CS007-05,TrusFIL-Flow Flowable Composite Restorative - B2,,VinciSmile,กล่อง,Shandong Huge Dental Material Corporaion,140.0,800.0,880.0,560.0,240.0,0.8250000000000001,0.75,0.4167,CATALOG_LIST,800.0,400.0,BUY 1 FREE 1 (TrusFIL-Flow ทุกเฉด),,1.0,1.0,p.36,Clinical product,price_last,OK,
H-CS007-06,TrusFIL-Flow Flowable Composite Restorative - C1,,VinciSmile,กล่อง,Shandong Huge Dental Material Corporaion,140.0,800.0,880.0,560.0,240.0,0.8250000000000001,0.75,0.4167,CATALOG_LIST,800.0,400.0,BUY 1 FREE 1 (TrusFIL-Flow ทุกเฉด),,1.0,1.0,p.36,Clinical product,price_last,OK,
H-CS007-07,TrusFIL-Flow Flowable Composite Restorative - C2,,VinciSmile,กล่อง,Shandong Huge Dental Material Corporaion,140.0,800.0,880.0,560.0,240.0,0.8250000000000001,0.75,0.4167,CATALOG_LIST,800.0,400.0,BUY 1 FREE 1 (TrusFIL-Flow ทุกเฉด),,1.0,1.0,p.36,Clinical product,price_last,OK,
H-CS007-08,TrusFIL-Flow Flowable Composite Restorative - OA2,,VinciSmile,กล่อง,Shandong Huge Dental Material Corporaion,140.0,800.0,880.0,560.0,240.0,0.8250000000000001,0.75,0.4167,CATALOG_LIST,800.0,400.0,BUY 1 FREE 1 (TrusFIL-Flow ทุกเฉด),,1.0,1.0,p.36,Clinical product,price_last,OK,
H-CS008-01,Proseal F,,VinciSmile,กล่อง,Shandong Huge Dental Material Corporaion,192.5,850.0,940.0,600.0,330.0,0.7735000000000001,0.6792,0.4167,CATALOG_LIST,850.0,425.0,BUY 1 FREE 1,1 Free 1,1.0,1.0,p.36,Clinical product,price_last,OK,
H-GI009-01,Luting I (Standard) 30g powder+25g liquid,,VinciSmile,กล่อง,Shandong Huge Dental Material Corporaion,483.0,2750.0,3000.0,2000.0,810.0,0.8244,0.7585000000000001,0.4037,CATALOG_LIST,2750.0,1375.0,1 ฟรี 1,1 Free 1,1.0,1.0,p.38,Clinical product,price_last,OK,
H-GI010-01,Filling I (Standard) 15g powder+12g liquid -A2,,VinciSmile,กล่อง,Shandong Huge Dental Material Corporaion,315.0,1950.0,2100.0,1400.0,530.0,0.8385,0.775,0.4057,PRICELIST_LEGACY,,,,,,,,Clinical product,price_last,OK,
H-GI010-02,Filling I (Standard) 15g powder+12g liquid -A3,,VinciSmile,กล่อง,Shandong Huge Dental Material Corporaion,700.0,1950.0,2100.0,1400.0,1200.0,0.641,0.5,0.4167,PRICELIST_LEGACY,,,,,,,,Clinical product,price_last,OK,
H-GI011-01,Luting II (Standard) 30g powder+25g liquid -A3,,VinciSmile,กล่อง,Shandong Huge Dental Material Corporaion,504.0,1625.0,1800.0,1200.0,840.0,0.6898000000000001,0.58,0.4,PRICELIST_LEGACY,,,,,,,,Clinical product,price_last,OK,
H-GI011-02,Luting II (Standard) 30g powder+25g liquid -A3.5,,VinciSmile,กล่อง,Shandong Huge Dental Material Corporaion,504.0,1625.0,1800.0,1200.0,840.0,0.6898000000000001,0.58,0.4,PRICELIST_LEGACY,,,,,,,,Clinical product,price_last,OK,
H-GI012-01,Lufill HS 30g powder+25g liquid - A2,,VinciSmile,กล่อง,Shandong Huge Dental Material Corporaion,504.0,3250.0,3600.0,2300.0,840.0,0.8449000000000001,0.7809,0.4,CATALOG_LIST,3250.0,1625.0,1 ฟรี 1 (Lufill HS),,1.0,1.0,p.38,Clinical product,price_last,OK,
H-GI012-02,Lufill HS 30g powder+25g liquid - A3,,VinciSmile,กล่อง,Shandong Huge Dental Material Corporaion,483.0,3250.0,3600.0,2300.0,810.0,0.8514,0.79,0.4037,PRICELIST_LEGACY,,,,,,,,Clinical product,price_last,OK,
H-RC001-01,TopCEM Dual Cure Resin Cement (8g) - TR (Translucent),,VinciSmile,กล่อง,Shandong Huge Dental Material Corporaion,525.0,1750.0,1900.0,1300.0,880.0,0.7000000000000001,0.5962000000000001,0.40340000000000004,CATALOG_LIST,1750.0,1166.67,BUY 2 FREE 1,2 Free 1,2.0,1.0,p.37,Clinical product,price_last,OK,
H-RC001-02,TopCEM Dual Cure Resin Cement (8g) - A0,,VinciSmile,กล่อง,Shandong Huge Dental Material Corporaion,525.0,1750.0,1900.0,1300.0,880.0,0.7000000000000001,0.5962000000000001,0.40340000000000004,PRICELIST_LEGACY,,,,,,,,Clinical product,price_last,OK,
H-RC001-03,TopCEM Dual Cure Resin Cement (8g) - A1,,VinciSmile,กล่อง,Shandong Huge Dental Material Corporaion,525.0,1750.0,1900.0,1300.0,880.0,0.7000000000000001,0.5962000000000001,0.40340000000000004,PRICELIST_LEGACY,,,,,,,,Clinical product,price_last,OK,
H-RC001-04,TopCEM Dual Cure Resin Cement (8g) - A2,,VinciSmile,กล่อง,Shandong Huge Dental Material Corporaion,525.0,1750.0,1900.0,1300.0,880.0,0.7000000000000001,0.5962000000000001,0.40340000000000004,PRICELIST_LEGACY,,,,,,,,Clinical product,price_last,OK,
H-RC001-05,TopCEM Dual Cure Resin Cement (8g) - A3,,VinciSmile,กล่อง,Shandong Huge Dental Material Corporaion,525.0,1750.0,1900.0,1300.0,880.0,0.7000000000000001,0.5962000000000001,0.40340000000000004,PRICELIST_LEGACY,,,,,,,,Clinical product,price_last,OK,
H-RC001-06,TopCEM Dual Cure Resin Cement (8g) - White Opaque,,VinciSmile,กล่อง,Shandong Huge Dental Material Corporaion,525.0,1750.0,1900.0,1300.0,880.0,0.7000000000000001,0.5962000000000001,0.40340000000000004,PRICELIST_LEGACY,,,,,,,,Clinical product,price_last,OK,
H-RC001-07,TopCEM Dual Cure Resin Cement (8g) - Universal Opaque,,VinciSmile,กล่อง,Shandong Huge Dental Material Corporaion,525.0,1750.0,1900.0,1300.0,880.0,0.7000000000000001,0.5962000000000001,0.40340000000000004,PRICELIST_LEGACY,,,,,,,,Clinical product,price_last,OK,
H-RC002-01,TopCEM Ceramic Primer Coupling Agent (5ml),,VinciSmile,กล่อง,Shandong Huge Dental Material Corporaion,122.5,450.0,500.0,320.0,210.0,0.7278,0.6172000000000001,0.4167,CATALOG_LIST,450.0,300.0,BUY 2 FREE 1,2 Free 1,2.0,1.0,p.37,Clinical product,price_last,OK,
H-RC003-01,TopCEM Veneer Cement (2.5g) - TR (Translucent),,VinciSmile,กล่อง,Shandong Huge Dental Material Corporaion,175.0,550.0,600.0,390.0,300.0,0.6818000000000001,0.5513,0.4167,CATALOG_LIST,550.0,366.67,BUY 2 FREE 1,2 Free 1,2.0,1.0,p.37,Clinical product,price_last,OK,
H-RC003-02,TopCEM Veneer Cement (2.5g) - A0,,VinciSmile,กล่อง,Shandong Huge Dental Material Corporaion,175.0,550.0,600.0,390.0,300.0,0.6818000000000001,0.5513,0.4167,PRICELIST_LEGACY,,,,,,,,Clinical product,price_last,OK,
H-RC003-03,TopCEM Veneer Cement (2.5g) - A1,,VinciSmile,กล่อง,Shandong Huge Dental Material Corporaion,175.0,550.0,600.0,390.0,300.0,0.6818000000000001,0.5513,0.4167,PRICELIST_LEGACY,,,,,,,,Clinical product,price_last,OK,
H-RC003-04,TopCEM Veneer Cement (2.5g) - A3,,VinciSmile,กล่อง,Shandong Huge Dental Material Corporaion,175.0,550.0,600.0,390.0,300.0,0.6818000000000001,0.5513,0.4167,PRICELIST_LEGACY,,,,,,,,Clinical product,price_last,OK,
H-RC003-05,TopCEM Veneer Cement (2.5g) - White,,VinciSmile,กล่อง,Shandong Huge Dental Material Corporaion,175.0,550.0,600.0,390.0,300.0,0.6818000000000001,0.5513,0.4167,PRICELIST_LEGACY,,,,,,,,Clinical product,price_last,OK,
H-RC004-01,TopCEM Try-in Gel (1.5g) - TR (Translucent),,VinciSmile,กล่อง,Shandong Huge Dental Material Corporaion,94.5,350.0,390.0,250.0,160.0,0.73,0.622,0.40940000000000004,CATALOG_LIST,350.0,233.33,BUY 2 FREE 1,2 Free 1,2.0,1.0,p.37,Clinical product,price_last,OK,
H-RC004-02,TopCEM Try-in Gel (1.5g) - A2,,VinciSmile,กล่อง,Shandong Huge Dental Material Corporaion,94.5,350.0,390.0,250.0,160.0,0.73,0.622,0.40940000000000004,PRICELIST_LEGACY,,,,,,,,Clinical product,price_last,OK,
H-RC004-03,TopCEM Try-in Gel (1.5g) - White,,VinciSmile,กล่อง,Shandong Huge Dental Material Corporaion,94.5,350.0,390.0,250.0,160.0,0.73,0.622,0.40940000000000004,PRICELIST_LEGACY,,,,,,,,Clinical product,price_last,OK,
H-RC004-04,TopCEM Try-in Gel (1.5g) - Opaque,,VinciSmile,กล่อง,Shandong Huge Dental Material Corporaion,94.5,350.0,390.0,250.0,160.0,0.73,0.622,0.40940000000000004,PRICELIST_LEGACY,,,,,,,,Clinical product,price_last,OK,
H-RC005-01,TopCEM RMGI-Luting (8g),,VinciSmile,กล่อง,Shandong Huge Dental Material Corporaion,542.5,1650.0,1800.0,1200.0,910.0,0.6712,0.5479,0.4038,CATALOG_LIST,1650.0,1100.0,"BUY 2 FREE 1 — แคตตาล็อกพิมพ์ 1,166.67 ผิด ที่ถูกคือ 1,100",2 Free 1,2.0,1.0,p.37,Clinical product,price_last,OK,
H-RC005-01,UltraCore Dual Cure Core build-up -8g.,,VinciSmile,กล่อง,Shandong Huge Dental Material Corporaion,542.5,1650.0,1800.0,1200.0,910.0,0.6712,0.5479,0.4038,CATALOG_LIST,1650.0,1100.0,"BUY 2 FREE 1 — แคตตาล็อกพิมพ์ 1,166.67 ผิด ที่ถูกคือ 1,100",Buy 2+ get 3.7% off,2.0,1.0,p.37,Clinical product,price_last,OK,
,Carbide กรอช้า - long shank (5 pc/box),Carbide burs,,,,,600.0,660.0,,,,,,PRICELIST_LEGACY,,,,,,,,Dental Bur-Vertex,price_last,PENDING_COST,ยังไม่มีต้นทุน คำนวณ Dealer/Last ไม่ได้
,Carbide กรอช้า - short shank (5 pc/box),Carbide burs,,,,,400.0,440.0,,,,,,PRICELIST_LEGACY,,,,10 Free 1,10.0,1.0,,Dental Bur-Vertex,price_last,PENDING_COST,ยังไม่มีต้นทุน คำนวณ Dealer/Last ไม่ได้
,Carbide กรอเร็ว (2 pc/box),Carbide burs,,,,,160.0,180.0,,,,,,PRICELIST_LEGACY,,,,10 Free 1 ; 20 Free 3,10.0,1.0,,Dental Bur-Vertex,price_last,PENDING_COST,ยังไม่มีต้นทุน คำนวณ Dealer/Last ไม่ได้
,หัวผ่าฟันคุด (1pc./box),Carbide burs - HP,,,,,70.0,80.0,,,,,,PRICELIST_LEGACY,,,,10 Free 1,10.0,1.0,,Dental Bur-Vertex,price_last,PENDING_COST,ยังไม่มีต้นทุน คำนวณ Dealer/Last ไม่ได้
,"HP - กรอLab (1pc./box)
**กรอแลปมีหลายขนาดราคาเริ่มต้นที่ 400-580",Carbide burs - Lab,,,,,400.0,440.0,,,,,,PRICELIST_LEGACY,,,,10 Free 1 ; 20 Free 3,10.0,1.0,,Dental Bur-Vertex,price_last,PENDING_COST,ยังไม่มีต้นทุน คำนวณ Dealer/Last ไม่ได้
,Diamond bur (5 pc/box),Diamond burs,,,,,350.0,390.0,,,,,,PRICELIST_LEGACY,,,,3 Free 1 ; 10 Free 4 ; 30 Free 15 ; 50 Free 50,3.0,1.0,,Dental Bur-Vertex,price_last,PENDING_COST,ยังไม่มีต้นทุน คำนวณ Dealer/Last ไม่ได้
H-AC001-01,Autoclavable Q70B,Autoclavable,HATMED,เครื่อง,"HAETMED WUXI CO., LTD",57750.0,135000.0,148000.0,112000.0,96300.0,0.5722,0.4844,0.40030000000000004,PRICELIST_LEGACY,,,,,,,,Dental Equipment,price_last,OK,
H-AC002-01,Autoclavable Q61B,Autoclavable,HATMED,เครื่อง,"HAETMED WUXI CO., LTD",42000.0,99500.0,109000.0,80800.0,70000.0,0.5779000000000001,0.4802,0.4,PRICELIST_LEGACY,,,,,,,,Dental Equipment,price_last,OK,
R-CR001-01,Refine Max Cure3,Curing light,REFINE,เครื่อง,"Foshan Cicada Dental instrument Co.,ltd",980.0,5500.0,6100.0,3900.0,1700.0,0.8218000000000001,0.7487,0.42350000000000004,CATALOG_LIST,5500.0,2750.0,ซื้อ 1 แถม 1,1 Free 1,1.0,1.0,p.18,Dental Equipment,price_last,OK,
R-CR003-01,Refine A-cure,Curing light,REFINE,ชิ้น,Guilin Refine Medical Instrument,2450.0,11500.0,12700.0,8100.0,4100.0,0.787,0.6975,0.40240000000000004,CATALOG_LIST,11500.0,5750.0,"ซื้อ 1 แถม 1 — แคตตาล็อกระบุ ACure = 11,500 (price list เดิม 13,500 สลับกับ ACurePlus)",,1.0,1.0,p.18,Dental Equipment,price_last,OK,
R-CR004-01,Refine A-cure Plus,Curing light,REFINE,ชิ้น,Guilin Refine Medical Instrument,2625.0,13500.0,14900.0,9500.0,4400.0,0.8056000000000001,0.7237,0.40340000000000004,CATALOG_LIST,13500.0,6750.0,"ซื้อ 1 แถม 1 — แคตตาล็อกระบุ ACurePlus = 13,500",,1.0,1.0,p.18,Dental Equipment,price_last,OK,
F-DC001-01,Safety Dental chair - Economy model M1,Dental chair,SAFETY,ชุด,"Foshan Safety Medical Equipment co.,ltd",78400.0,195000.0,215000.0,151000.0,131000.0,0.5979,0.4808,0.4015,CATALOG_SPECIAL,249000.0,,จำกัด 30 เซต / ผ่อน 0% 3 ด.,,,,p.3,Dental Equipment,price_last,OK,
F-DC002-01,Safety Dental chair - Standard model M2,Dental chair,SAFETY,ชุด,"Foshan Safety Medical Equipment co.,ltd",88900.0,249000.0,274000.0,175000.0,149000.0,0.643,0.492,0.40340000000000004,CATALOG_SPECIAL,279000.0,,"ผ่อน 0% 3 ด. / แถม airotor x2, contra, straight, air motor, เก้าอี้ 2 ตัว, ปั๊มลม 2HP",,,,p.4,Dental Equipment,price_last,OK,
F-DC003-01,Safety Dental chair - Premium model M3,Dental chair,SAFETY,ชุด,"Foshan Safety Medical Equipment co.,ltd",113400.0,299000.0,329000.0,219000.0,189000.0,0.6207,0.4822,0.4,PRICELIST_LEGACY,,,,,,,,Dental Equipment,price_last,OK,
F-DC004-01,Safety Dental chair - Luxury model M8+,Dental chair,SAFETY,ชุด,"Foshan Safety Medical Equipment co.,ltd",120400.0,349000.0,384000.0,245000.0,201000.0,0.655,0.5086,0.401,CATALOG_SPECIAL,399000.0,,ผ่อน 0% 6 ด. / แถมชุดเดียวกับ M2,,,,p.5,Dental Equipment,price_last,OK,
F-DS001-01,Dentist stool - Sewn / Leather,Dental chair,SAFETY,ตัว,"Foshan Safety Medical Equipment co.,ltd",3850.0,9500.0,10400.0,7500.0,6500.0,0.5947,0.4867,0.4077,CATALOG_SPECIAL,12500.0,,,,,,p.43,Dental Equipment,price_last,OK,
F-DS002-01,Asistant stool - Sewn / Leather,Dental chair,SAFETY,ตัว,"Foshan Safety Medical Equipment co.,ltd",3325.0,8500.0,9400.0,6400.0,5600.0,0.6088,0.48050000000000004,0.4062,CATALOG_SPECIAL,11500.0,,,,,,p.43,Dental Equipment,price_last,OK,
R-EM001-01,Electric motor PRIME 50IE-Type,Electric motor,RENHE,เครื่อง,"Tianjin RENHE Juncheng Technology Development Co., Ltd.",6405.0,25500.0,28100.0,17900.0,10700.0,0.7488,0.6422,0.40140000000000003,CATALOG_SPECIAL,29500.0,,,,,,p.8,Dental Equipment,price_last,OK,
R-EM002-01,Electric motor PRIME 407 HP,Electric motor,RENHE,เครื่อง,"Tianjin RENHE Juncheng Technology Development Co., Ltd.",6405.0,25500.0,28100.0,17900.0,10700.0,0.7488,0.6422,0.40140000000000003,CATALOG_SPECIAL,29500.0,,,,,,p.8,Dental Equipment,price_last,OK,
F-SM001-01,FANTA iRoot Pro - Endo motor,Endomotor,FANTA,เครื่อง,Bulls Instrumed Intl,8890.0,27500.0,30300.0,19300.0,14900.0,0.6767000000000001,0.5394,0.40340000000000004,CATALOG_SPECIAL,33500.0,,,,,,p.16,Dental Equipment,price_last,OK,
F-SM002-01,FANTAWispex,Endomotor,FANTA,เครื่อง,Bulls Instrumed Intl,2790.55,7500.0,8200.0,5400.0,4700.0,0.6279,0.4832,0.4063,CATALOG_SPECIAL,9500.0,,,,,,p.16,Dental Equipment,price_last,OK,
F-SM003-01,FANTA eHeater,Endomotor,FANTA,เครื่อง,Bulls Instrumed Intl,4049.85,15500.0,17000.0,10900.0,6800.0,0.7387,0.6285000000000001,0.40440000000000004,CATALOG_SPECIAL,19500.0,,,,,,p.16,Dental Equipment,price_last,OK,
F-SM004-01,FANTA eFiller,Endomotor,FANTA,เครื่อง,Bulls Instrumed Intl,4691.75,15500.0,17000.0,10900.0,7900.0,0.6973,0.5696,0.4061,CATALOG_SPECIAL,19500.0,,,,,,p.16,Dental Equipment,price_last,OK,
F-SM005-01,FANTA Actor I Pro,Endomotor,FANTA,เครื่อง,Bulls Instrumed Intl,4568.55,11500.0,12700.0,8800.0,7700.0,0.6027,0.4808,0.4067,CATALOG_SPECIAL,15500.0,,,,,,p.16,Dental Equipment,price_last,OK,
F-SM007-01,iPEDAL - Foot pedal for FANTA,Endomotor,FANTA,เครื่อง,Bulls Instrumed Intl,1185.45,3500.0,3900.0,2500.0,2000.0,0.6613,0.5258,0.4073,CATALOG_SPECIAL,3900.0,,,,,,p.16,Dental Equipment,price_last,OK,
T-HA001-01,"Handpiece Standard Head,  Non-LED, 4 water sprays",Hight speed handpiece,TorQ,ด้าม,Modern Precision Dental Instrument,1400.0,5500.0,6100.0,3900.0,2400.0,0.7455,0.641,0.4167,PRICELIST_LEGACY,,,,3 Free 2,3.0,2.0,,Dental Equipment,price_last,OK,
T-HA002-01,"Handpiece Torque Head,  Non-LED, 4 water sprays",Hight speed handpiece,TorQ,ด้าม,Modern Precision Dental Instrument,1400.0,7500.0,8200.0,5300.0,2400.0,0.8133,0.7358,0.4167,CATALOG_LIST,7500.0,2600.0,"Standard set ไม่มีไฟ ซื้อ 5 ด้าม 13,000 (ปกติ 37,500)",,,,p.6,Dental Equipment,price_last,OK,
T-HA003-01,"Handpiece Mini Head,  Non-LED, 4 water sprays",Hight speed handpiece,TorQ,ด้าม,Modern Precision Dental Instrument,1260.0,7500.0,8200.0,5300.0,2100.0,0.8320000000000001,0.7623000000000001,0.4,PRICELIST_LEGACY,,,,,,,,Dental Equipment,price_last,OK,
T-HA004-03,"Handpiece Torque Head, Round LED, 5 water sprays",Hight speed handpiece,TorQ,ด้าม,Modern Precision Dental Instrument,1925.0,9500.0,10400.0,6700.0,3300.0,0.7974,0.7127,0.4167,CATALOG_LIST,9500.0,4275.0,"Stainless Non-coupling ซื้อ 3 ด้าม 12,825 (ปกติ 28,500)",,,,p.6,Dental Equipment,price_last,OK,
T-HA005-03,"Handpiece Torque Head, 1 LED, 4 water sprays",Hight speed handpiece,TorQ,ด้าม,Modern Precision Dental Instrument,1575.0,8500.0,9400.0,6000.0,2700.0,0.8147000000000001,0.7375,0.4167,PRICELIST_LEGACY,,,,,,,,Dental Equipment,price_last,OK,
T-HA006-01,"Handpiece NSK Coupling, Torque Head,  Non-LED, 4 water sprays",Hight speed handpiece,TorQ,ด้าม,Modern Precision Dental Instrument,1750.0,9500.0,10400.0,6700.0,3000.0,0.8158000000000001,0.7388,0.4167,PRICELIST_LEGACY,,,,,,,,Dental Equipment,price_last,OK,
T-HA007-02,"Handpiece NSK Coupling, Torque Head, 1 LED, 4 water sprays",Hight speed handpiece,TorQ,ด้าม,Modern Precision Dental Instrument,2275.0,13500.0,14900.0,9500.0,3800.0,0.8315,0.7605000000000001,0.40130000000000005,PRICELIST_LEGACY,,,,,,,,Dental Equipment,price_last,OK,
T-HA010-02,"Handpiece Mini Head,  1-LED, 1 water sprays",Hight speed handpiece,TorQ,ด้าม,Modern Precision Dental Instrument,1750.0,9500.0,10400.0,6700.0,3000.0,0.8158000000000001,0.7388,0.4167,PRICELIST_LEGACY,,,,,,,,Dental Equipment,price_last,OK,
T-HA011-02,"NSK Coupling, Torque Head, Round LED, 4 water sprays",Hight speed handpiece,TorQ,ด้าม,Modern Precision Dental Instrument,2275.0,13500.0,14900.0,9500.0,3800.0,0.8315,0.7605000000000001,0.40130000000000005,CATALOG_LIST,13500.0,6075.0,"Stainless NSK ซื้อ 3 ด้าม 18,225 (ปกติ 40,500) + coupling ฟรี 3",,,,p.6,Dental Equipment,price_last,OK,
T-TI001-02,"TorQplus : Torque hend,Round LED (Titanium)",Hight speed handpiece,TorQ,ด้าม,Modern Precision Dental Instrument,2275.0,12500.0,13800.0,8800.0,3800.0,0.8180000000000001,0.7415,0.40130000000000005,CATALOG_LIST,12500.0,5625.0,"Titanium Non-coupling ซื้อ 3 ด้าม 16,875 (ปกติ 37,500)",,,,p.6,Dental Equipment,price_last,OK,
T-TI002-01,"TorQplus : NSK Coupling,Torque hend,Round LED (Titanium)",Hight speed handpiece,TorQ,,,,17166.67,18900.0,,,,,,CATALOG_LIST,17166.67,6975.0,"Titanium NSK ซื้อ 3 ด้าม 20,925 (ปกติ 51,500) + coupling ฟรี 3 — แคตตาล็อกใช้รหัส T-TI002-02",,,,p.6,Dental Equipment,price_last,PENDING_COST,ยังไม่มีต้นทุน คำนวณ Dealer/Last ไม่ได้
P-SC001-01,"Image plate scanner, Inpixel IPS1",Imaging product,INPIXEL,เครื่อง,MEDFRUITION ELECTRONICS TECHNOLOGY LIMITED,38500.0,99000.0,109000.0,74100.0,64200.0,0.6111,0.48040000000000005,0.40030000000000004,PRICELIST_LEGACY,,,,,,,,Dental Equipment,price_last,OK,
R-PX001-01,Portable X-ray : VERAY,Imaging product,REFINE,ชิ้น,Guilin Refine Medical Instrument,9800.0,39900.0,43900.0,28000.0,16400.0,0.7544000000000001,0.65,0.40240000000000004,CATALOG_SPECIAL,49900.0,,,,,,p.13,Dental Equipment,price_last,OK,
R-PX002-01,Portable X-ray : GT-1,Imaging product,REFINE,ชิ้น,Guilin Refine Medical Instrument,12600.0,49900.0,54900.0,35000.0,21000.0,0.7475,0.64,0.4,CATALOG_SPECIAL,59900.0,,,,,,p.13,Dental Equipment,price_last,OK,
R-SC001-01,Intraoral X-ra Sensor : R2,Imaging product,REFINE,ชิ้น,Guilin Refine Medical Instrument,14700.0,49900.0,54900.0,35000.0,24500.0,0.7054,0.58,0.4,CATALOG_SPECIAL,59900.0,,,,,,p.12,Dental Equipment,price_last,OK,
R-SC001-01,Intraoral X-ra Sensor : R2,Imaging product,REFINE,ชิ้น,Guilin Refine Medical Instrument,14700.0,49900.0,54900.0,35000.0,24500.0,0.7054,0.58,0.4,CATALOG_SPECIAL,59900.0,,,,,,p.12,Dental Equipment,price_last,OK,
V-IP001-01,VENTON : Implant motor M3,Implant motor,VENTON,เครื่อง,"Foshan Venton Dental Co.,Ltd",42000.0,89000.0,97900.0,80800.0,70000.0,0.5281,0.4802,0.4,CATALOG_SPECIAL,119000.0,,ผ่อน 0% 6 ด. / แถม Implant contra-angle 20:1 / ประกัน 1 ปี,,,,p.8,Dental Equipment,price_last,OK,
T-AI001-01,Air motor,Low peed handpiece,TorQ,ด้าม,Modern Precision Dental Instrument,630.0,3800.0,4200.0,2700.0,1100.0,0.8342,0.7667,0.4273,CATALOG_LIST,3800.0,1900.0,BUY 1 FREE 1,,1.0,1.0,p.7,Dental Equipment,price_last,OK,
T-CO001-01,"Contra Angle, Latch type",Low peed handpiece,TorQ,ด้าม,Modern Precision Dental Instrument,665.0,3800.0,4200.0,2700.0,1200.0,0.8250000000000001,0.7537,0.44580000000000003,CATALOG_LIST,3800.0,1900.0,BUY 1 FREE 1,2 Free1,1.0,1.0,p.7,Dental Equipment,price_last,OK,
T-CO002-01,"Contra Angle, Push type",Low peed handpiece,TorQ,ด้าม,Modern Precision Dental Instrument,700.0,4800.0,5300.0,3400.0,1200.0,0.8542000000000001,0.7941,0.4167,CATALOG_LIST,4800.0,2400.0,BUY 1 FREE 1,,1.0,1.0,p.7,Dental Equipment,price_last,OK,
T-ST001-01,"Straight (25,000 rpm)",Low peed handpiece,TorQ,ด้าม,Modern Precision Dental Instrument,560.0,3800.0,4200.0,2700.0,940.0,0.8526,0.7926000000000001,0.4043,CATALOG_LIST,3800.0,1900.0,BUY 1 FREE 1,,1.0,1.0,p.7,Dental Equipment,price_last,OK,
T-ST002-01,"Straight (40,000 rpm)",Low peed handpiece,TorQ,ด้าม,Modern Precision Dental Instrument,1225.0,6800.0,7500.0,4800.0,2100.0,0.8199000000000001,0.7448,0.4167,CATALOG_LIST,6800.0,3400.0,BUY 1 FREE 1,,1.0,1.0,p.7,Dental Equipment,price_last,OK,
R-UL001-01,Ultrasonic Scaler DS1  (Satellec Type),Scaler,REFINE,เครื่อง,Guilin Refine Medical Instrument,1890.0,5500.0,6100.0,3900.0,3200.0,0.6564,0.5154,0.40940000000000004,CATALOG_SPECIAL,7800.0,,,,,,p.19,Dental Equipment,price_last,OK,
R-UL002-02,Ultrasonic Scaler DS3  (Satellec Type),Scaler,REFINE,เครื่อง,Guilin Refine Medical Instrument,2730.0,7900.0,8700.0,5600.0,4600.0,0.6544,0.5125000000000001,0.40650000000000003,CATALOG_SPECIAL,9900.0,,,,,,p.19,Dental Equipment,price_last,OK,
R-UL003-02,Ultrasonic Scaler DS6  (Satellec Type),Scaler,REFINE,เครื่อง,Guilin Refine Medical Instrument,3080.0,8900.0,9800.0,6300.0,5200.0,0.6539,0.5111,0.4077,CATALOG_SPECIAL,11800.0,,,,,,p.19,Dental Equipment,price_last,OK,
R-UL004-02,Ultrasonic Scaler DS7 (Satellec Type),Scaler,REFINE,เครื่อง,Guilin Refine Medical Instrument,4830.0,14500.0,16000.0,10200.0,8100.0,0.6669,0.5265000000000001,0.4037,CATALOG_SPECIAL,19800.0,,,,,,p.19,Dental Equipment,price_last,OK,
R-UL005-02,Ultrasonic Scaler Maxpiezo 1 (EMS type),Scaler,REFINE,เครื่อง,Guilin Refine Medical Instrument,1890.0,5500.0,6100.0,3900.0,3200.0,0.6564,0.5154,0.40940000000000004,CATALOG_SPECIAL,7800.0,,,,,,p.19,Dental Equipment,price_last,OK,
R-UL006-02,Ultrasonic Scaler Maxpiezo 3 (EMS type),Scaler,REFINE,เครื่อง,Guilin Refine Medical Instrument,2730.0,7900.0,8700.0,5600.0,4600.0,0.6544,0.5125000000000001,0.40650000000000003,CATALOG_SPECIAL,9900.0,,,,,,p.19,Dental Equipment,price_last,OK,
R-UL007-02,Ultrasonic Scaler Maxpiezo 6 (EMS type),Scaler,REFINE,เครื่อง,Guilin Refine Medical Instrument,3080.0,8900.0,9800.0,6300.0,5200.0,0.6539,0.5111,0.4077,CATALOG_SPECIAL,11800.0,,,,,,p.19,Dental Equipment,price_last,OK,
R-UL008-02,Ultrasonic Scaler Maxpiezo 7 (EMS type),Scaler,REFINE,เครื่อง,Guilin Refine Medical Instrument,4830.0,14500.0,16000.0,10200.0,8100.0,0.6669,0.5265000000000001,0.4037,CATALOG_SPECIAL,19800.0,,,,,,p.19,Dental Equipment,price_last,OK,
R-BT001-01,AirPolishing & Piezo Ultrasonic Scaler : APT,Scaling & Polishing,REFINE,ชิ้น,Guilin Refine Medical Instrument,24500.0,62500.0,68800.0,47200.0,40900.0,0.608,0.48090000000000005,0.401,CATALOG_SPECIAL,69500.0,,,,,,p.11,Dental Equipment,price_last,OK,
R-BT002-01,AirPolishing & Piezo Ultrasonic Scaler : PTX,Scaling & Polishing,REFINE,ชิ้น,Guilin Refine Medical Instrument,42000.0,139000.0,153000.0,97300.0,70000.0,0.6978000000000001,0.5683,0.4,CATALOG_SPECIAL,149000.0,,"ผ่อน 0% 10 ด. / แถม Trolley มูลค่า 13,000",,,,p.10,Dental Equipment,price_last,OK,
R-CR005-01,Refine Airflow : Ijet QC-J1,Scaling & Polishing,REFINE,เครื่อง,Guilin Refine Medical Instrument,3325.0,8500.0,9400.0,6400.0,5600.0,0.6088,0.48050000000000004,0.4062,CATALOG_SPECIAL,10900.0,,แถมผงเกลือ PT-X1 1 ขวด,,,,p.12,Dental Equipment,price_last,OK,
F-GP001-01,Gutta Percha - for Rising R2 (60pcs),,Fanta,กล่อง,Bulls Instrumed Intl,157.15,450.0,500.0,320.0,270.0,0.6508,0.5089,0.418,PRICELIST_LEGACY,,,,,,,,Endodontic - File&Fill,price_last,OK,
F-GP001-02,Gutta Percha - for Rising R3 (60pcs),,Fanta,กล่อง,Bulls Instrumed Intl,157.15,450.0,500.0,320.0,270.0,0.6508,0.5089,0.418,PRICELIST_LEGACY,,,,,,,,Endodontic - File&Fill,price_last,OK,
F-GP001-03,Gutta Percha - for Rising R4 (60pcs),,Fanta,กล่อง,Bulls Instrumed Intl,157.15,450.0,500.0,320.0,270.0,0.6508,0.5089,0.418,PRICELIST_LEGACY,,,,,,,,Endodontic - File&Fill,price_last,OK,
F-GP001-04,"Gutta Percha - for Rising R2+R3+R4 , assorted (60pcs)",,Fanta,กล่อง,Bulls Instrumed Intl,157.15,450.0,500.0,320.0,270.0,0.6508,0.5089,0.418,PRICELIST_LEGACY,,,,,,,,Endodontic - File&Fill,price_last,OK,
F-GP002-01,Gutta Percha - standard #25/04 (60pcs),,Fanta,กล่อง,Bulls Instrumed Intl,74.2,270.0,300.0,190.0,130.0,0.7252000000000001,0.6095,0.4292,PRICELIST_LEGACY,,,,,,,,Endodontic - File&Fill,price_last,OK,
F-GP002-02,Gutta Percha - standard #25/06 (60pcs),,Fanta,กล่อง,Bulls Instrumed Intl,74.2,270.0,300.0,190.0,130.0,0.7252000000000001,0.6095,0.4292,PRICELIST_LEGACY,,,,,,,,Endodontic - File&Fill,price_last,OK,
F-GP003-01,Gutta Percha - standard #30/04 (60pcs),,Fanta,กล่อง,Bulls Instrumed Intl,74.2,270.0,300.0,190.0,130.0,0.7252000000000001,0.6095,0.4292,PRICELIST_LEGACY,,,,,,,,Endodontic - File&Fill,price_last,OK,
F-GP003-02,Gutta Percha - standard #30/06 (60pcs),,Fanta,กล่อง,Bulls Instrumed Intl,74.2,270.0,300.0,190.0,130.0,0.7252000000000001,0.6095,0.4292,PRICELIST_LEGACY,,,,,,,,Endodontic - File&Fill,price_last,OK,
F-GP004-01,"Gutta Percha - standard #15 - #40, 04 (60pcs)",,Fanta,กล่อง,Bulls Instrumed Intl,74.2,270.0,300.0,190.0,130.0,0.7252000000000001,0.6095,0.4292,PRICELIST_LEGACY,,,,,,,,Endodontic - File&Fill,price_last,OK,
F-GP004-02,"Gutta Percha - standard #15 - #40, 06 (60pcs)",,Fanta,กล่อง,Bulls Instrumed Intl,74.2,270.0,300.0,190.0,130.0,0.7252000000000001,0.6095,0.4292,PRICELIST_LEGACY,,,,,,,,Endodontic - File&Fill,price_last,OK,
F-HF001-01,"K File - SS Hand File  #6, 21mm (6pcs)",,Fanta,แผง,Bulls Instrumed Intl,42.0,120.0,130.0,90.0,70.0,0.65,0.5333,0.4,PRICELIST_LEGACY,,,,,,,,Endodontic - File&Fill,price_last,OK,
F-HF001-02,"K File - SS Hand File  #6, 25mm (6pcs)",,Fanta,แผง,Bulls Instrumed Intl,42.0,120.0,130.0,90.0,70.0,0.65,0.5333,0.4,PRICELIST_LEGACY,,,,,,,,Endodontic - File&Fill,price_last,OK,
F-HF002-01,"K File - SS Hand File  #8, 21mm (6pcs)",,Fanta,แผง,Bulls Instrumed Intl,42.0,120.0,130.0,90.0,70.0,0.65,0.5333,0.4,PRICELIST_LEGACY,,,,,,,,Endodontic - File&Fill,price_last,OK,
F-HF002-02,"K File - SS Hand File  #8, 25mm (6pcs)",,Fanta,แผง,Bulls Instrumed Intl,42.0,120.0,130.0,90.0,70.0,0.65,0.5333,0.4,PRICELIST_LEGACY,,,,,,,,Endodontic - File&Fill,price_last,OK,
F-HF003-01,"K File - SS Hand File  #10, 21mm (6pcs)",,Fanta,แผง,Bulls Instrumed Intl,42.0,120.0,130.0,90.0,70.0,0.65,0.5333,0.4,PRICELIST_LEGACY,,,,,,,,Endodontic - File&Fill,price_last,OK,
F-HF003-02,"K File - SS Hand File  #10, 25mm (6pcs)",,Fanta,แผง,Bulls Instrumed Intl,42.0,120.0,130.0,90.0,70.0,0.65,0.5333,0.4,PRICELIST_LEGACY,,,,,,,,Endodontic - File&Fill,price_last,OK,
F-HF004-01,"K File - SS Hand File  #15, 21mm (6pcs)",,Fanta,แผง,Bulls Instrumed Intl,39.9,120.0,130.0,90.0,70.0,0.6675,0.5567,0.43,PRICELIST_LEGACY,,,,,,,,Endodontic - File&Fill,price_last,OK,
F-HF004-02,"K File - SS Hand File  #15, 25mm (6pcs)",,Fanta,แผง,Bulls Instrumed Intl,39.9,120.0,130.0,90.0,70.0,0.6675,0.5567,0.43,PRICELIST_LEGACY,,,,,,,,Endodontic - File&Fill,price_last,OK,
F-HF005-01,K File - SS Hand File  #6 - #10 21mm (6pcs),,Fanta,แผง,Bulls Instrumed Intl,42.0,120.0,130.0,90.0,70.0,0.65,0.5333,0.4,PRICELIST_LEGACY,,,,,,,,Endodontic - File&Fill,price_last,OK,
F-HF005-02,"K File - SS Hand File  #6 - #10, 25mm (6pcs)",,Fanta,แผง,Bulls Instrumed Intl,42.0,120.0,130.0,90.0,70.0,0.65,0.5333,0.4,PRICELIST_LEGACY,,,,,,,,Endodontic - File&Fill,price_last,OK,
F-HF006-01,"K File - SS Hand File  #15 - #40, 21mm (6pcs)",,Fanta,แผง,Bulls Instrumed Intl,39.9,120.0,130.0,90.0,70.0,0.6675,0.5567,0.43,PRICELIST_LEGACY,,,,,,,,Endodontic - File&Fill,price_last,OK,
F-HF006-02,"K File - SS Hand File  #15 - #40, 25mm (6pcs)",,Fanta,แผง,Bulls Instrumed Intl,39.9,120.0,130.0,90.0,70.0,0.6675,0.5567,0.43,PRICELIST_LEGACY,,,,,,,,Endodontic - File&Fill,price_last,OK,
F-HF007-01,"K File - SS Hand File  #45 - #80, 21mm (6pcs)",,Fanta,แผง,Bulls Instrumed Intl,39.9,120.0,130.0,90.0,70.0,0.6675,0.5567,0.43,PRICELIST_LEGACY,,,,,,,,Endodontic - File&Fill,price_last,OK,
F-HF007-02,"K File - SS Hand File  #45 - #80, 25mm (6pcs)",,Fanta,แผง,Bulls Instrumed Intl,39.9,120.0,130.0,90.0,70.0,0.6675,0.5567,0.43,PRICELIST_LEGACY,,,,,,,,Endodontic - File&Fill,price_last,OK,
F-HF008-01,"C-Flex Hand File #6, 21mm (6pcs)",,Fanta,แผง,Bulls Instrumed Intl,51.8,140.0,150.0,100.0,90.0,0.63,0.482,0.4244,PRICELIST_LEGACY,,,,,,,,Endodontic - File&Fill,price_last,OK,
F-HF008-02,"C-Flex Hand File #6, 25mm (6pcs)",,Fanta,แผง,Bulls Instrumed Intl,51.8,140.0,150.0,100.0,90.0,0.63,0.482,0.4244,PRICELIST_LEGACY,,,,,,,,Endodontic - File&Fill,price_last,OK,
F-HF009-01,"C-Flex Hand File #8, 21mm (6pcs)",,Fanta,แผง,Bulls Instrumed Intl,51.8,140.0,150.0,100.0,90.0,0.63,0.482,0.4244,PRICELIST_LEGACY,,,,,,,,Endodontic - File&Fill,price_last,OK,
F-HF009-02,"C-Flex Hand File #8, 25mm (6pcs)",,Fanta,แผง,Bulls Instrumed Intl,51.8,140.0,150.0,100.0,90.0,0.63,0.482,0.4244,PRICELIST_LEGACY,,,,,,,,Endodontic - File&Fill,price_last,OK,
F-HF010-01,"C-Flex Hand File #10, 21mm (6pcs)",,Fanta,แผง,Bulls Instrumed Intl,51.8,140.0,150.0,100.0,90.0,0.63,0.482,0.4244,PRICELIST_LEGACY,,,,,,,,Endodontic - File&Fill,price_last,OK,
F-HF010-02,"C-Flex Hand File #10, 25mm (6pcs)",,Fanta,แผง,Bulls Instrumed Intl,51.8,140.0,150.0,100.0,90.0,0.63,0.482,0.4244,PRICELIST_LEGACY,,,,,,,,Endodontic - File&Fill,price_last,OK,
F-HF011-01,"C-Flex Hand File #15, 21mm (6pcs)",,Fanta,แผง,Bulls Instrumed Intl,51.8,140.0,150.0,100.0,90.0,0.63,0.482,0.4244,PRICELIST_LEGACY,,,,,,,,Endodontic - File&Fill,price_last,OK,
F-HF011-02,"C-Flex Hand File #15, 25mm (6pcs)",,Fanta,แผง,Bulls Instrumed Intl,51.8,140.0,150.0,100.0,90.0,0.63,0.482,0.4244,PRICELIST_LEGACY,,,,,,,,Endodontic - File&Fill,price_last,OK,
F-HF012-01,"H File - SS Hand File #8, 21mm (6pcs)",,Fanta,แผง,Bulls Instrumed Intl,42.0,,,,,,,,PRICELIST_LEGACY,,,,,,,,Endodontic - File&Fill,price_last,NO_PRICE,
F-HF012-02,"H File - SS Hand File #8, 25mm (6pcs)",,Fanta,แผง,Bulls Instrumed Intl,42.0,,,,,,,,PRICELIST_LEGACY,,,,,,,,Endodontic - File&Fill,price_last,NO_PRICE,
F-HF013-01,"H File - SS Hand File #10, 21mm (6pcs)",,Fanta,แผง,Bulls Instrumed Intl,42.0,,,,,,,,PRICELIST_LEGACY,,,,,,,,Endodontic - File&Fill,price_last,NO_PRICE,
F-HF013-02,"H File - SS Hand File #10, 25mm (6pcs)",,Fanta,แผง,Bulls Instrumed Intl,42.0,,,,,,,,PRICELIST_LEGACY,,,,,,,,Endodontic - File&Fill,price_last,NO_PRICE,
F-HF014-01,"H File - SS Hand File #15, 21mm (6pcs)",,Fanta,แผง,Bulls Instrumed Intl,42.0,,,,,,,,PRICELIST_LEGACY,,,,,,,,Endodontic - File&Fill,price_last,NO_PRICE,
F-HF014-02,"H File - SS Hand File #15, 25mm (6pcs)",,Fanta,แผง,Bulls Instrumed Intl,42.0,,,,,,,,PRICELIST_LEGACY,,,,,,,,Endodontic - File&Fill,price_last,NO_PRICE,
F-HF015-01,"H File - SS Hand File #15 - #40 , 21mm (6pcs)",,Fanta,แผง,Bulls Instrumed Intl,39.9,,,,,,,,PRICELIST_LEGACY,,,,,,,,Endodontic - File&Fill,price_last,NO_PRICE,
F-HF015-02,"H File - SS Hand File #15 - #40 , 25mm (6pcs)",,Fanta,แผง,Bulls Instrumed Intl,39.9,,,,,,,,PRICELIST_LEGACY,,,,,,,,Endodontic - File&Fill,price_last,NO_PRICE,
F-HF016-01,"C-Flex Hand File #12, 21mm (6pcs)",,Fanta,แผง,Bulls Instrumed Intl,51.8,140.0,150.0,100.0,90.0,0.63,0.482,0.4244,PRICELIST_LEGACY,,,,,,,,Endodontic - File&Fill,price_last,OK,
F-HF016-02,"C-Flex Hand File #12, 25mm (6pcs)",,Fanta,แผง,Bulls Instrumed Intl,51.8,140.0,150.0,100.0,90.0,0.63,0.482,0.4244,PRICELIST_LEGACY,,,,,,,,Endodontic - File&Fill,price_last,OK,
F-PP001-01,Sterile Absorbent PAPER POINT for rising R2 (100pcs),,Fanta,กล่อง,Bulls Instrumed Intl,149.45,420.0,460.0,300.0,250.0,0.6442,0.5018,0.4022,PRICELIST_LEGACY,,,,,,,,Endodontic - File&Fill,price_last,OK,
F-PP001-02,Sterile Absorbent PAPER POINT for rising R3 (100pcs),,Fanta,กล่อง,Bulls Instrumed Intl,149.45,420.0,460.0,300.0,250.0,0.6442,0.5018,0.4022,PRICELIST_LEGACY,,,,,,,,Endodontic - File&Fill,price_last,OK,
F-PP001-03,Sterile Absorbent PAPER POINT for rising R4 (100pcs),,Fanta,กล่อง,Bulls Instrumed Intl,149.45,420.0,460.0,300.0,250.0,0.6442,0.5018,0.4022,PRICELIST_LEGACY,,,,,,,,Endodontic - File&Fill,price_last,OK,
F-PP001-04,"Sterile Absorbent PAPER POINT for rising R2+R3+R4,Assorted (100pcs)",,Fanta,กล่อง,Bulls Instrumed Intl,149.45,420.0,460.0,300.0,250.0,0.6442,0.5018,0.4022,PRICELIST_LEGACY,,,,,,,,Endodontic - File&Fill,price_last,OK,
F-PP002-01,Sterile Absorbent PAPER POINT #25/04 (100pcs),,Fanta,กล่อง,Bulls Instrumed Intl,69.3,250.0,280.0,180.0,120.0,0.7228,0.615,0.42250000000000004,PRICELIST_LEGACY,,,,,,,,Endodontic - File&Fill,price_last,OK,
F-PP002-02,Sterile Absorbent PAPER POINT #25/06 (100pcs),,Fanta,กล่อง,Bulls Instrumed Intl,69.3,250.0,280.0,180.0,120.0,0.7228,0.615,0.42250000000000004,PRICELIST_LEGACY,,,,,,,,Endodontic - File&Fill,price_last,OK,
F-PP003-01,Sterile Absorbent PAPER POINT #30/04 (100pcs),,Fanta,กล่อง,Bulls Instrumed Intl,69.3,250.0,280.0,180.0,120.0,0.7228,0.615,0.42250000000000004,PRICELIST_LEGACY,,,,,,,,Endodontic - File&Fill,price_last,OK,
F-PP003-02,Sterile Absorbent PAPER POINT #30/06 (100pcs),,Fanta,กล่อง,Bulls Instrumed Intl,69.3,250.0,280.0,180.0,120.0,0.7228,0.615,0.42250000000000004,PRICELIST_LEGACY,,,,,,,,Endodontic - File&Fill,price_last,OK,
F-PP004-01,"Sterile Absorbent PAPER POINT #15 - #40, 04 Assorted (100pcs)",,Fanta,กล่อง,Bulls Instrumed Intl,69.3,250.0,280.0,180.0,120.0,0.7228,0.615,0.42250000000000004,PRICELIST_LEGACY,,,,,,,,Endodontic - File&Fill,price_last,OK,
F-PP004-02,"Sterile Absorbent PAPER POINT #15 - #40, 06 Assorted (100pcs)",,Fanta,กล่อง,Bulls Instrumed Intl,69.3,250.0,280.0,180.0,120.0,0.7228,0.615,0.42250000000000004,PRICELIST_LEGACY,,,,,,,,Endodontic - File&Fill,price_last,OK,
F-RF001-01,"Rising Rotary File RR, 19mm (5pcs)",,Fanta,แผง,Bulls Instrumed Intl,259.35,1050.0,1200.0,740.0,440.0,0.753,0.6495000000000001,0.4106,PRICELIST_LEGACY,,,,,,,,Endodontic - File&Fill,price_last,OK,
F-RF002-01,"Rising Rotary File R1, 21mm (5pcs)",,Fanta,แผง,Bulls Instrumed Intl,259.35,1050.0,1200.0,740.0,440.0,0.753,0.6495000000000001,0.4106,PRICELIST_LEGACY,,,,,,,,Endodontic - File&Fill,price_last,OK,
F-RF002-02,"Rising Rotary File R1, 25mm (5pcs)",,Fanta,แผง,Bulls Instrumed Intl,259.35,1050.0,1200.0,740.0,440.0,0.753,0.6495000000000001,0.4106,PRICELIST_LEGACY,,,,,,,,Endodontic - File&Fill,price_last,OK,
F-RF003-01,"Rising Rotary File R2, 21mm (5pcs)",,Fanta,แผง,Bulls Instrumed Intl,259.35,1050.0,1200.0,740.0,440.0,0.753,0.6495000000000001,0.4106,PRICELIST_LEGACY,,,,,,,,Endodontic - File&Fill,price_last,OK,
F-RF003-02,"Rising Rotary File R2, 25mm (5pcs)",,Fanta,แผง,Bulls Instrumed Intl,259.35,1050.0,1200.0,740.0,440.0,0.753,0.6495000000000001,0.4106,PRICELIST_LEGACY,,,,,,,,Endodontic - File&Fill,price_last,OK,
F-RF004-01,"Rising Rotary File R3, 21mm (5pcs)",,Fanta,แผง,Bulls Instrumed Intl,259.35,1050.0,1200.0,740.0,440.0,0.753,0.6495000000000001,0.4106,PRICELIST_LEGACY,,,,,,,,Endodontic - File&Fill,price_last,OK,
F-RF004-02,"Rising Rotary File R3, 25mm (5pcs)",,Fanta,แผง,Bulls Instrumed Intl,259.35,1050.0,1200.0,740.0,440.0,0.753,0.6495000000000001,0.4106,PRICELIST_LEGACY,,,,,,,,Endodontic - File&Fill,price_last,OK,
F-RF005-01,"Rising Rotary File,R4, 21mm (5pcs)",,Fanta,แผง,Bulls Instrumed Intl,259.35,1050.0,1200.0,740.0,440.0,0.753,0.6495000000000001,0.4106,PRICELIST_LEGACY,,,,,,,,Endodontic - File&Fill,price_last,OK,
F-RF005-02,"Rising Rotary File R4, 25mm (5pcs)",,Fanta,แผง,Bulls Instrumed Intl,259.35,1050.0,1200.0,740.0,440.0,0.753,0.6495000000000001,0.4106,PRICELIST_LEGACY,,,,,,,,Endodontic - File&Fill,price_last,OK,
F-RF006-01,"Rising Rotary File assorted , 21mm (5pcs)",,Fanta,แผง,Bulls Instrumed Intl,259.35,1050.0,1200.0,740.0,440.0,0.753,0.6495000000000001,0.4106,PRICELIST_LEGACY,,,,,,,,Endodontic - File&Fill,price_last,OK,
F-RF006-02,"Rising Rotary File assorted , 25mm (5pcs)",,Fanta,แผง,Bulls Instrumed Intl,259.35,1050.0,1200.0,740.0,440.0,0.753,0.6495000000000001,0.4106,PRICELIST_LEGACY,,,,,,,,Endodontic - File&Fill,price_last,OK,
F-RF007-01,"R ONE MINI reciprocating blue rotary file #19/05, 19mm (5pcs)",,Fanta,แผง,Bulls Instrumed Intl,259.35,1050.0,1200.0,740.0,440.0,0.753,0.6495000000000001,0.4106,PRICELIST_LEGACY,,,,,,,,Endodontic - File&Fill,price_last,OK,
F-RF007-02,"R ONE MINI reciprocating blue rotary file #19/05, 19mm (3pcs)",,Fanta,แผง,Bulls Instrumed Intl,155.4,1050.0,1200.0,740.0,260.0,0.852,0.79,0.40230000000000005,PRICELIST_LEGACY,,,,,,,,Endodontic - File&Fill,price_last,OK,
F-RF008-01,"R ONE MINI reciprocating blue rotary file #17/04, 21mm (5pcs)",,Fanta,แผง,Bulls Instrumed Intl,259.35,1050.0,1200.0,740.0,440.0,0.753,0.6495000000000001,0.4106,PRICELIST_LEGACY,,,,,,,,Endodontic - File&Fill,price_last,OK,
F-RF008-02,"R ONE MINI reciprocating blue rotary file #17/04, 25mm (5pcs)",,Fanta,แผง,Bulls Instrumed Intl,259.35,1050.0,1200.0,740.0,440.0,0.753,0.6495000000000001,0.4106,PRICELIST_LEGACY,,,,,,,,Endodontic - File&Fill,price_last,OK,
F-RF009-01,"R ONE MINI reciprocating blue rotary file #25/06, 21mm (5pcs)",,Fanta,แผง,Bulls Instrumed Intl,259.35,1050.0,1200.0,740.0,440.0,0.753,0.6495000000000001,0.4106,PRICELIST_LEGACY,,,,,,,,Endodontic - File&Fill,price_last,OK,
F-RF009-02,"R ONE MINI reciprocating blue rotary file #25/06, 25mm (5pcs)",,Fanta,แผง,Bulls Instrumed Intl,259.35,1050.0,1200.0,740.0,440.0,0.753,0.6495000000000001,0.4106,PRICELIST_LEGACY,,,,,,,,Endodontic - File&Fill,price_last,OK,
F-RF010-01,"R ONE MINI reciprocating blue rotary file assorted, 21mm (5pcs)",,Fanta,แผง,Bulls Instrumed Intl,259.35,1050.0,1200.0,740.0,440.0,0.753,0.6495000000000001,0.4106,PRICELIST_LEGACY,,,,,,,,Endodontic - File&Fill,price_last,OK,
F-RF010-02,"R ONE MINI reciprocating blue rotary file assorted, 25mm (5pcs)",,Fanta,แผง,Bulls Instrumed Intl,259.35,1050.0,1200.0,740.0,440.0,0.753,0.6495000000000001,0.4106,PRICELIST_LEGACY,,,,,,,,Endodontic - File&Fill,price_last,OK,
F-SM003-02,eHeater tip set 2*23G + 2*25G(24mm) assorted,,Fanta,เซต,Bulls Instrumed Intl,1197.0,2900.0,3200.0,2400.0,2000.0,0.5872,0.5012,0.4015,PRICELIST_LEGACY,,,,,,,,Endodontic - File&Fill,price_last,OK,
F-SM004-02,"eFiller tip set 4004, 4504, 5004, 5508 assorted",,Fanta,เซต,Bulls Instrumed Intl,600.6,2900.0,3200.0,2100.0,1100.0,0.7929,0.714,0.454,PRICELIST_LEGACY,,,,,,,,Endodontic - File&Fill,price_last,OK,
A-AG001-01,"Alginate Impression material (Fast set, Color changing) -1 lb/bag",,Alginate,ถุง,Guilin Refine Medical Instrument,61.25,285.0,310.0,200.0,110.0,0.7851,0.6937,0.44320000000000004,CATALOG_LIST,285.0,,12 ถุง @215 / 24 ถุง @170 / 48 ถุง @142 (AlgiDent) — price list เดิม 270 + 24 Free 24,24 Free 24 = 135.-,,,p.29,Impression Material,price_last,OK,
H-MP001-01,Putty (Hand -Mix) 400g*2,,HUGE,กล่อง,Zhuhai Siger Medical Equipment,525.0,2000.0,2200.0,1400.0,880.0,0.7375,0.625,0.40340000000000004,CATALOG_LIST,2000.0,,"2 box @1,500 / 5 box @1,000","Buy 2 = 1,500.- ; Buy 5 = 1000.-",,,p.39,Impression Material,price_last,OK,
H-MP001-02,Putty (Hand -Mix) 400g*2 Fast set,,HUGE,กล่อง,Shandong Huge Dental Material Corporaion,525.0,2000.0,2200.0,1400.0,880.0,0.7375,0.625,0.40340000000000004,CATALOG_LIST,2000.0,,"2 box @1,500 / 5 box @1,000",,,,p.39,Impression Material,price_last,OK,
H-MP002-01,Heavy Body (Dispenser- Mix) 50ml*2,,HUGE,กล่อง,Zhuhai Siger Medical Equipment,350.0,1500.0,1700.0,1100.0,590.0,0.7667,0.6818000000000001,0.4068,CATALOG_LIST,1500.0,,"2 box @1,125 / 5 box @750 — แคตตาล็อกระบุ 1,500 (price list เดิม 1,300)","Buy 2 = 1,125.- ; Buy 5 = 750.-",,,p.41,Impression Material,price_last,OK,
H-MP003-01,Regular Body (Dispenser-Mix) 50ml*2,,HUGE,กล่อง,Zhuhai Siger Medical Equipment,595.0,2000.0,2200.0,1400.0,1000.0,0.7025,0.5750000000000001,0.405,CATALOG_LIST,2000.0,,"2 box @1,500 / 5 box @1,000","Buy 2 = 1,500.- ; Buy 5 = 1,000.-",,,p.41,Impression Material,price_last,OK,
H-MP004-01,Light Body (Dispenser-Mix) 50ml*2,,HUGE,กล่อง,Zhuhai Siger Medical Equipment,350.0,1300.0,1400.0,910.0,590.0,0.7308,0.6154000000000001,0.4068,CATALOG_LIST,1300.0,,2 box @975 / 5 box @650,Buy 2 = 975.- ; Buy 5 = 650.-,,,p.40,Impression Material,price_last,OK,
H-MP004-02,Light Body (Dispenser-Mix) 50ml*2  Fast set,,HUGE,กล่อง,Shandong Huge Dental Material Corporaion,350.0,1300.0,1400.0,910.0,590.0,0.7308,0.6154000000000001,0.4068,CATALOG_LIST,1300.0,,2 box @975 / 5 box @650,,,,p.40,Impression Material,price_last,OK,
H-MP005-01,Silicone for Bite Registration 50ml*2,,HUGE,กล่อง,Zhuhai Siger Medical Equipment,350.0,1300.0,1400.0,910.0,590.0,0.7308,0.6154000000000001,0.4068,CATALOG_LIST,1300.0,,2 box @975 / 5 box @650,Buy 2 = 975.- ; Buy 5 = 650.-,,,p.41,Impression Material,price_last,OK,
B-PD006-01,Probe CPC,งานPeriodontic,Bulls,ชิ้น,Bulls Instrumed Intl,37.1875,140.0,150.0,100.0,70.0,0.7344,0.6281,0.46880000000000005,PRICELIST_LEGACY,,,,,,,,Instrument-Bull's,price_last,OK,
B-PD007-01,Columbia Currette No. 2RL,งานPeriodontic,Bulls,ชิ้น,Bulls Instrumed Intl,37.1875,140.0,150.0,100.0,70.0,0.7344,0.6281,0.46880000000000005,PRICELIST_LEGACY,,,,,,,,Instrument-Bull's,price_last,OK,
B-PD008-01,Columbia Currette No. 4RL,งานPeriodontic,Bulls,ชิ้น,Bulls Instrumed Intl,37.1875,140.0,150.0,100.0,70.0,0.7344,0.6281,0.46880000000000005,PRICELIST_LEGACY,,,,,,,,Instrument-Bull's,price_last,OK,
B-PD009-01,Gracey Currette No 1/2,งานPeriodontic,Bulls,ชิ้น,Bulls Instrumed Intl,37.1875,140.0,150.0,100.0,70.0,0.7344,0.6281,0.46880000000000005,PRICELIST_LEGACY,,,,4 Free 1 = 112.-,4.0,1.0,,Instrument-Bull's,price_last,OK,
B-PD010-01,Gracey Currette No 7/8,งานPeriodontic,Bulls,ชิ้น,Bulls Instrumed Intl,37.1875,140.0,150.0,100.0,70.0,0.7344,0.6281,0.46880000000000005,PRICELIST_LEGACY,,,,,,,,Instrument-Bull's,price_last,OK,
B-PD011-01,Gracey Currette No 11/12,งานPeriodontic,Bulls,ชิ้น,Bulls Instrumed Intl,37.1875,140.0,150.0,100.0,70.0,0.7344,0.6281,0.46880000000000005,PRICELIST_LEGACY,,,,,,,,Instrument-Bull's,price_last,OK,
B-PD012-01,Gracey Currette No 13/14,งานPeriodontic,Bulls,ชิ้น,Bulls Instrumed Intl,37.1875,140.0,150.0,100.0,70.0,0.7344,0.6281,0.46880000000000005,PRICELIST_LEGACY,,,,,,,,Instrument-Bull's,price_last,OK,
B-PD013-01,Castroviejo scissors 2633 (straight) 15cm,งานPeriodontic,Bulls,ชิ้น,Bulls Instrumed Intl,218.75,1200.0,1300.0,840.0,370.0,0.8177000000000001,0.7396,0.4088,PRICELIST_LEGACY,,,,,,,,Instrument-Bull's,price_last,OK,
B-PR012-01,Castroviejo Calipers,งานPeriodontic,Bulls,ชิ้น,Bulls Instrumed Intl,196.875,450.0,500.0,380.0,330.0,0.5625,0.48190000000000005,0.40340000000000004,PRICELIST_LEGACY,,,,,,,,Instrument-Bull's,price_last,OK,
B-SR014-01,Castroviejo scissors 2634 (curve) 11cm,งานPeriodontic,Bulls,ชิ้น,Bulls Instrumed Intl,525.0,480.0,530.0,480.0,480.0,-0.09380000000000001,-0.09380000000000001,-0.09380000000000001,PRICELIST_LEGACY,,,,,,,,Instrument-Bull's,price_last,REVIEW,ต้นทุนสูงเกินไป ราคา Dealer ทำ GP 48% ไม่ได้ / ราคาเอกชนมี GP เพียง -9.4% ต่ำกว่าเกณฑ์ 40%
B-SR016-01,Castroviejo needle holder 2580 (straight) 14cm,งานPeriodontic,Bulls,ชิ้น,Bulls Instrumed Intl,656.25,1550.0,1700.0,1300.0,1100.0,0.5766,0.49520000000000003,0.40340000000000004,PRICELIST_LEGACY,,,,,,,,Instrument-Bull's,price_last,OK,
B-OD001-01,Tweezer molar tube,งานทันตกรรมจัดฟัน,Bulls,ชิ้น,Bulls Instrumed Intl,76.5625,320.0,350.0,230.0,130.0,0.7607,0.6671,0.4111,PRICELIST_LEGACY,,,,,,,,Instrument-Bull's,price_last,OK,
B-OD002-01,Tweezer direct bond Bracket,งานทันตกรรมจัดฟัน,Bulls,ชิ้น,Bulls Instrumed Intl,76.5625,320.0,350.0,230.0,130.0,0.7607,0.6671,0.4111,PRICELIST_LEGACY,,,,,,,,Instrument-Bull's,price_last,OK,
B-OD003-01,Bracket positioning guage (for 022),งานทันตกรรมจัดฟัน,Bulls,ชิ้น,Bulls Instrumed Intl,109.375,380.0,420.0,270.0,190.0,0.7122,0.5949,0.4243,PRICELIST_LEGACY,,,,,,,,Instrument-Bull's,price_last,OK,
B-OD004-01,Ligature tucker,งานทันตกรรมจัดฟัน,Bulls,ชิ้น,Bulls Instrumed Intl,328.125,900.0,990.0,640.0,550.0,0.6354000000000001,0.4873,0.40340000000000004,PRICELIST_LEGACY,,,,,,,,Instrument-Bull's,price_last,OK,
B-OD005-01,Micro Distal cutter with safe holder,งานทันตกรรมจัดฟัน,Bulls,ชิ้น,Bulls Instrumed Intl,328.125,900.0,990.0,640.0,550.0,0.6354000000000001,0.4873,0.40340000000000004,PRICELIST_LEGACY,,,,,,,,Instrument-Bull's,price_last,OK,
B-OD006-01,Bracket removing Plier (Angled),งานทันตกรรมจัดฟัน,Bulls,ชิ้น,Bulls Instrumed Intl,328.125,750.0,830.0,640.0,550.0,0.5625,0.4873,0.40340000000000004,PRICELIST_LEGACY,,,,,,,,Instrument-Bull's,price_last,OK,
B-OD007-01,Bracket removing Plier (straight),งานทันตกรรมจัดฟัน,Bulls,ชิ้น,Bulls Instrumed Intl,328.125,750.0,830.0,640.0,550.0,0.5625,0.4873,0.40340000000000004,PRICELIST_LEGACY,,,,,,,,Instrument-Bull's,price_last,OK,
B-OD008-01,"Ball, hook criping plier (straight)",งานทันตกรรมจัดฟัน,Bulls,ชิ้น,Bulls Instrumed Intl,328.125,750.0,830.0,640.0,550.0,0.5625,0.4873,0.40340000000000004,PRICELIST_LEGACY,,,,,,,,Instrument-Bull's,price_last,OK,
B-OD009-01,"Ball, hook criping plier (Angle)",งานทันตกรรมจัดฟัน,Bulls,ชิ้น,Bulls Instrumed Intl,328.125,750.0,830.0,640.0,550.0,0.5625,0.4873,0.40340000000000004,PRICELIST_LEGACY,,,,,,,,Instrument-Bull's,price_last,OK,
B-OD010-01,Nance loop plier,งานทันตกรรมจัดฟัน,Bulls,ชิ้น,Bulls Instrumed Intl,328.125,750.0,830.0,640.0,550.0,0.5625,0.4873,0.40340000000000004,PRICELIST_LEGACY,,,,,,,,Instrument-Bull's,price_last,OK,
B-OD011-01,Jarabark,งานทันตกรรมจัดฟัน,Bulls,ชิ้น,Bulls Instrumed Intl,328.125,900.0,990.0,640.0,550.0,0.6354000000000001,0.4873,0.40340000000000004,PRICELIST_LEGACY,,,,,,,,Instrument-Bull's,price_last,OK,
B-OD012-01,Light wire plier with cutter,งานทันตกรรมจัดฟัน,Bulls,ชิ้น,Bulls Instrumed Intl,328.125,900.0,990.0,640.0,550.0,0.6354000000000001,0.4873,0.40340000000000004,PRICELIST_LEGACY,,,,,,,,Instrument-Bull's,price_last,OK,
B-OD013-01,"Torque Plier SLIM 0.25""",งานทันตกรรมจัดฟัน,Bulls,ชิ้น,Bulls Instrumed Intl,328.125,750.0,830.0,640.0,550.0,0.5625,0.4873,0.40340000000000004,PRICELIST_LEGACY,,,,,,,,Instrument-Bull's,price_last,OK,
B-OD014-01,"Torque Plier 0.5""",งานทันตกรรมจัดฟัน,Bulls,ชิ้น,Bulls Instrumed Intl,328.125,750.0,830.0,640.0,550.0,0.5625,0.4873,0.40340000000000004,PRICELIST_LEGACY,,,,,,,,Instrument-Bull's,price_last,OK,
B-OD015-01,"Cinch / tie back, distal end bending plier",งานทันตกรรมจัดฟัน,Bulls,ชิ้น,Bulls Instrumed Intl,328.125,750.0,830.0,640.0,550.0,0.5625,0.4873,0.40340000000000004,PRICELIST_LEGACY,,,,,,,,Instrument-Bull's,price_last,OK,
B-OD016-01,Niti cinch back plier (hammerhead),งานทันตกรรมจัดฟัน,Bulls,ชิ้น,Bulls Instrumed Intl,328.125,750.0,830.0,640.0,550.0,0.5625,0.4873,0.40340000000000004,PRICELIST_LEGACY,,,,,,,,Instrument-Bull's,price_last,OK,
B-OD017-01,Half round plier,งานทันตกรรมจัดฟัน,Bulls,ชิ้น,Bulls Instrumed Intl,328.125,900.0,990.0,640.0,550.0,0.6354000000000001,0.4873,0.40340000000000004,PRICELIST_LEGACY,,,,,,,,Instrument-Bull's,price_last,OK,
B-OD018-01,V stop plier,งานทันตกรรมจัดฟัน,Bulls,ชิ้น,Bulls Instrumed Intl,328.125,900.0,990.0,640.0,550.0,0.6354000000000001,0.4873,0.40340000000000004,PRICELIST_LEGACY,,,,,,,,Instrument-Bull's,price_last,OK,
B-OD019-01,Mathieu groove head,งานทันตกรรมจัดฟัน,Bulls,ชิ้น,Bulls Instrumed Intl,328.125,750.0,830.0,640.0,550.0,0.5625,0.4873,0.40340000000000004,PRICELIST_LEGACY,,,,,,,,Instrument-Bull's,price_last,OK,
B-OD020-01,Mathieu holder elastomeric 14cm,งานทันตกรรมจัดฟัน,Bulls,ชิ้น,Bulls Instrumed Intl,153.125,750.0,830.0,530.0,260.0,0.7958000000000001,0.7111000000000001,0.4111,PRICELIST_LEGACY,,,,,,,,Instrument-Bull's,price_last,OK,
B-OD021-01,Mathieu holder ligature  14cm,งานทันตกรรมจัดฟัน,Bulls,ชิ้น,Bulls Instrumed Intl,153.125,750.0,830.0,530.0,260.0,0.7958000000000001,0.7111000000000001,0.4111,PRICELIST_LEGACY,,,,,,,,Instrument-Bull's,price_last,OK,
B-OD022-01,Flush end distal cutter,งานทันตกรรมจัดฟัน,Bulls,ชิ้น,Bulls Instrumed Intl,328.125,900.0,990.0,640.0,550.0,0.6354000000000001,0.4873,0.40340000000000004,PRICELIST_LEGACY,,,,,,,,Instrument-Bull's,price_last,OK,
B-OD023-01,Standard Distal end cutter with saftly hold,งานทันตกรรมจัดฟัน,Bulls,ชิ้น,Bulls Instrumed Intl,328.125,900.0,990.0,640.0,550.0,0.6354000000000001,0.4873,0.40340000000000004,PRICELIST_LEGACY,,,,,,,,Instrument-Bull's,price_last,OK,
B-OD024-01,Pin & ligature cutter,งานทันตกรรมจัดฟัน,Bulls,ชิ้น,Bulls Instrumed Intl,328.125,900.0,990.0,640.0,550.0,0.6354000000000001,0.4873,0.40340000000000004,PRICELIST_LEGACY,,,,,,,,Instrument-Bull's,price_last,OK,
B-OD025-01,Mini Pin & ligature cutter,งานทันตกรรมจัดฟัน,Bulls,ชิ้น,Bulls Instrumed Intl,328.125,900.0,990.0,640.0,550.0,0.6354000000000001,0.4873,0.40340000000000004,PRICELIST_LEGACY,,,,,,,,Instrument-Bull's,price_last,OK,
B-OD026-01,Hard wire cutter - standard,งานทันตกรรมจัดฟัน,Bulls,ชิ้น,Bulls Instrumed Intl,328.125,900.0,990.0,640.0,550.0,0.6354000000000001,0.4873,0.40340000000000004,PRICELIST_LEGACY,,,,,,,,Instrument-Bull's,price_last,OK,
B-OD027-01,Weingart plier (standard),งานทันตกรรมจัดฟัน,Bulls,ชิ้น,Bulls Instrumed Intl,328.125,750.0,830.0,640.0,550.0,0.5625,0.4873,0.40340000000000004,PRICELIST_LEGACY,,,,,,,,Instrument-Bull's,price_last,OK,
B-OD028-01,Weingart plier (slim),งานทันตกรรมจัดฟัน,Bulls,ชิ้น,Bulls Instrumed Intl,328.125,750.0,830.0,640.0,550.0,0.5625,0.4873,0.40340000000000004,PRICELIST_LEGACY,,,,,,,,Instrument-Bull's,price_last,OK,
B-OD029-01,How Plier - curve,งานทันตกรรมจัดฟัน,Bulls,ชิ้น,Bulls Instrumed Intl,328.125,750.0,830.0,640.0,550.0,0.5625,0.4873,0.40340000000000004,PRICELIST_LEGACY,,,,,,,,Instrument-Bull's,price_last,OK,
B-OD030-01,Adhesive removing plier,งานทันตกรรมจัดฟัน,Bulls,ชิ้น,Bulls Instrumed Intl,328.125,750.0,830.0,640.0,550.0,0.5625,0.4873,0.40340000000000004,PRICELIST_LEGACY,,,,,,,,Instrument-Bull's,price_last,OK,
B-OD031-01,Bird Beak plier,งานทันตกรรมจัดฟัน,Bulls,ชิ้น,Bulls Instrumed Intl,328.125,750.0,830.0,640.0,550.0,0.5625,0.4873,0.40340000000000004,PRICELIST_LEGACY,,,,,,,,Instrument-Bull's,price_last,OK,
B-OD032-01,3 jaw plier,งานทันตกรรมจัดฟัน,Bulls,ชิ้น,Bulls Instrumed Intl,328.125,900.0,990.0,640.0,550.0,0.6354000000000001,0.4873,0.40340000000000004,PRICELIST_LEGACY,,,,,,,,Instrument-Bull's,price_last,OK,
B-OD033-01,Light wire Bird Beak plier,งานทันตกรรมจัดฟัน,Bulls,ชิ้น,Bulls Instrumed Intl,328.125,750.0,830.0,640.0,550.0,0.5625,0.4873,0.40340000000000004,PRICELIST_LEGACY,,,,,,,,Instrument-Bull's,price_last,OK,
B-OD034-01,Tweed loop plier,งานทันตกรรมจัดฟัน,Bulls,ชิ้น,Bulls Instrumed Intl,328.125,750.0,830.0,640.0,550.0,0.5625,0.4873,0.40340000000000004,PRICELIST_LEGACY,,,,,,,,Instrument-Bull's,price_last,OK,
B-OD035-01,Hollow Chop plier,งานทันตกรรมจัดฟัน,Bulls,ชิ้น,Bulls Instrumed Intl,328.125,750.0,830.0,640.0,550.0,0.5625,0.4873,0.40340000000000004,PRICELIST_LEGACY,,,,,,,,Instrument-Bull's,price_last,OK,
B-OD036-01,Clear aligner plier- Tear drop punch,งานทันตกรรมจัดฟัน,Bulls,ชิ้น,Bulls Instrumed Intl,656.25,2000.0,2200.0,1400.0,1100.0,0.6719,0.5312,0.40340000000000004,PRICELIST_LEGACY,,,,,,,,Instrument-Bull's,price_last,OK,
B-OD037-01,Clear aligner plier- Hole punch,งานทันตกรรมจัดฟัน,Bulls,ชิ้น,Bulls Instrumed Intl,656.25,2000.0,2200.0,1400.0,1100.0,0.6719,0.5312,0.40340000000000004,PRICELIST_LEGACY,,,,,,,,Instrument-Bull's,price_last,OK,
B-OD038-01,Clear aligner plier- Vertical,งานทันตกรรมจัดฟัน,Bulls,ชิ้น,Bulls Instrumed Intl,656.25,2000.0,2200.0,1400.0,1100.0,0.6719,0.5312,0.40340000000000004,PRICELIST_LEGACY,,,,,,,,Instrument-Bull's,price_last,OK,
B-OD039-01,Clear aligner plier- Horizontal,งานทันตกรรมจัดฟัน,Bulls,ชิ้น,Bulls Instrumed Intl,656.25,2000.0,2200.0,1400.0,1100.0,0.6719,0.5312,0.40340000000000004,PRICELIST_LEGACY,,,,,,,,Instrument-Bull's,price_last,OK,
B-PD003-01,How Plier - straight,งานทันตกรรมจัดฟัน,Bulls,ชิ้น,Bulls Instrumed Intl,328.125,750.0,830.0,640.0,550.0,0.5625,0.4873,0.40340000000000004,PRICELIST_LEGACY,,,,,,,,Instrument-Bull's,price_last,OK,
B-PD004-01,Band remover Plier,งานทันตกรรมจัดฟัน,Bulls,ชิ้น,Bulls Instrumed Intl,328.125,750.0,830.0,640.0,550.0,0.5625,0.4873,0.40340000000000004,PRICELIST_LEGACY,,,,,,,,Instrument-Bull's,price_last,OK,
B-PD005-01,Tweed plier,งานทันตกรรมจัดฟัน,Bulls,ชิ้น,Bulls Instrumed Intl,328.125,750.0,830.0,640.0,550.0,0.5625,0.4873,0.40340000000000004,PRICELIST_LEGACY,,,,,,,,Instrument-Bull's,price_last,OK,
B-PR010-01,Cap removing Plier,งานทันตกรรมจัดฟัน,Bulls,ชิ้น,Bulls Instrumed Intl,743.75,2500.0,2800.0,1800.0,1300.0,0.7025,0.5868,0.4279,PRICELIST_LEGACY,,,,,,,,Instrument-Bull's,price_last,OK,
B-PR001-01,Crown guage CLP1/2354,งานทันตกรรมประดิษฐ์/งานขูด,Bulls,ชิ้น,Bulls Instrumed Intl,54.6875,190.0,210.0,140.0,100.0,0.7122,0.6094,0.4531,PRICELIST_LEGACY,,,,,,,,Instrument-Bull's,price_last,OK,
B-PR002-01,Crown splitting plier 3570,งานทันตกรรมประดิษฐ์/งานขูด,Bulls,ชิ้น,Bulls Instrumed Intl,612.5,1550.0,1700.0,1200.0,1100.0,0.6048,0.48960000000000004,0.44320000000000004,PRICELIST_LEGACY,,,,,,,,Instrument-Bull's,price_last,OK,
B-PR003-01,Bridge remover 4924,งานทันตกรรมประดิษฐ์/งานขูด,Bulls,ชิ้น,Bulls Instrumed Intl,196.875,550.0,600.0,390.0,330.0,0.642,0.49520000000000003,0.40340000000000004,PRICELIST_LEGACY,,,,,,,,Instrument-Bull's,price_last,OK,
B-PR011-01,Syringe for impression 3580,งานทันตกรรมประดิษฐ์/งานขูด,Bulls,ชิ้น,Bulls Instrumed Intl,168.4375,450.0,500.0,330.0,290.0,0.6257,0.48960000000000004,0.4192,PRICELIST_LEGACY,,,,,,,,Instrument-Bull's,price_last,OK,
B-SC001-01,Scaler 2S-3S,งานทันตกรรมประดิษฐ์/งานขูด,Bulls,ชิ้น,Bulls Instrumed Intl,37.1875,100.0,110.0,80.0,70.0,0.6281,0.5352,0.46880000000000005,PRICELIST_LEGACY,,,,10 Free 1 = 90.-,10.0,1.0,,Instrument-Bull's,price_last,OK,
B-SC002-01,Sickel U15/30 (โค้ง/หัก),งานทันตกรรมประดิษฐ์/งานขูด,Bulls,ชิ้น,Bulls Instrumed Intl,37.1875,100.0,110.0,80.0,70.0,0.6281,0.5352,0.46880000000000005,PRICELIST_LEGACY,,,,,,,,Instrument-Bull's,price_last,OK,
B-SC003-01,Sickel H6/7 (โค้ง/โค้ง),งานทันตกรรมประดิษฐ์/งานขูด,Bulls,ชิ้น,Bulls Instrumed Intl,37.1875,100.0,110.0,80.0,70.0,0.6281,0.5352,0.46880000000000005,PRICELIST_LEGACY,,,,,,,,Instrument-Bull's,price_last,OK,
B-GE001-01,ด้ามเหลี่ยม (holder only),งานทั่วไป,Bulls,ชิ้น,Bulls Instrumed Intl,30.625,45.0,50.0,45.0,45.0,0.3194,0.3194,0.3194,PRICELIST_LEGACY,,,,,,,,Instrument-Bull's,price_last,REVIEW,ต้นทุนสูงเกินไป ราคา Dealer ทำ GP 48% ไม่ได้ / ราคาเอกชนมี GP เพียง 31.9% ต่ำกว่าเกณฑ์ 40%
B-GE001-02,Mouth mirror with holder (ด้ามเหลี่ยม),งานทั่วไป,Bulls,ชุด,Bulls Instrumed Intl,35.0,80.0,90.0,70.0,60.0,0.5625,0.5,0.4167,PRICELIST_LEGACY,,,,10 Free 1 = 72.- ; 20 Free 3 = 69.-,10.0,1.0,,Instrument-Bull's,price_last,OK,
B-GE002-01,ด้ามกลม (holder only),งานทั่วไป,Bulls,ชิ้น,Bulls Instrumed Intl,30.625,45.0,50.0,45.0,45.0,0.3194,0.3194,0.3194,PRICELIST_LEGACY,,,,,,,,Instrument-Bull's,price_last,REVIEW,ต้นทุนสูงเกินไป ราคา Dealer ทำ GP 48% ไม่ได้ / ราคาเอกชนมี GP เพียง 31.9% ต่ำกว่าเกณฑ์ 40%
B-GE002-02,Mouth mirror with holder (ด้ามกลม),งานทั่วไป,,,,,80.0,90.0,,,,,,PRICELIST_LEGACY,,,,,,,,Instrument-Bull's,price_last,PENDING_COST,ยังไม่มีต้นทุน คำนวณ Dealer/Last ไม่ได้
B-GE003-01,Mouth mirror (mirror),งานทั่วไป,Bulls,กล่อง,Bulls Instrumed Intl,131.25,290.0,320.0,260.0,220.0,0.5474,0.49520000000000003,0.40340000000000004,PRICELIST_LEGACY,,,,,,,,Instrument-Bull's,price_last,OK,
B-GE004-01,Semken taylor forcep,งานทั่วไป,Bulls,ชิ้น,Bulls Instrumed Intl,65.625,120.0,130.0,120.0,110.0,0.4531,0.4531,0.40340000000000004,PRICELIST_LEGACY,,,,,,,,Instrument-Bull's,price_last,REVIEW,ต้นทุนสูงเกินไป ราคา Dealer ทำ GP 48% ไม่ได้
B-GE005-01,Cotton plier (forcep),งานทั่วไป,Bulls,ชิ้น,Bulls Instrumed Intl,65.625,120.0,130.0,120.0,110.0,0.4531,0.4531,0.40340000000000004,PRICELIST_LEGACY,,,,,,,,Instrument-Bull's,price_last,REVIEW,ต้นทุนสูงเกินไป ราคา Dealer ทำ GP 48% ไม่ได้
B-GE006-01,Explorer No.5,งานทั่วไป,Bulls,ชิ้น,Bulls Instrumed Intl,37.1875,80.0,90.0,80.0,70.0,0.5352,0.5352,0.46880000000000005,PRICELIST_LEGACY,,,,10 Free 1 = 72.- ; 20 Free 3 = 70.-,10.0,1.0,,Instrument-Bull's,price_last,OK,
B-GE007-01,Plaster shear 2282 20cm,งานทั่วไป,Bulls,ชิ้น,Bulls Instrumed Intl,216.5625,480.0,530.0,420.0,370.0,0.5488000000000001,0.4844,0.4147,PRICELIST_LEGACY,,,,,,,,Instrument-Bull's,price_last,OK,
B-GE008-01,Film Hanger 1 film,งานทั่วไป,Bulls,ชิ้น,Bulls Instrumed Intl,43.75,100.0,110.0,90.0,80.0,0.5625,0.5139,0.4531,PRICELIST_LEGACY,,,,,,,,Instrument-Bull's,price_last,OK,
B-GE009-01,Film Hanger 6 films,งานทั่วไป,Bulls,ชิ้น,Bulls Instrumed Intl,196.875,450.0,500.0,380.0,330.0,0.5625,0.48190000000000005,0.40340000000000004,PRICELIST_LEGACY,,,,,,,,Instrument-Bull's,price_last,OK,
B-GE010-01,Film Hanger 10 films,งานทั่วไป,Bulls,ชิ้น,Bulls Instrumed Intl,328.125,650.0,720.0,640.0,550.0,0.49520000000000003,0.4873,0.40340000000000004,PRICELIST_LEGACY,,,,,,,,Instrument-Bull's,price_last,OK,
B-GE011-01,Plaster/Alginate Spatular,งานทั่วไป,Bulls,ชิ้น,Bulls Instrumed Intl,54.6875,120.0,130.0,110.0,100.0,0.5443,0.5028,0.4531,PRICELIST_LEGACY,,,,,,,,Instrument-Bull's,price_last,OK,
B-GE012-01,Explorer/ Probe 1676,งานทั่วไป,Bulls,ชิ้น,Bulls Instrumed Intl,37.1875,80.0,90.0,80.0,70.0,0.5352,0.5352,0.46880000000000005,PRICELIST_LEGACY,,,,,,,,Instrument-Bull's,price_last,OK,
B-GE013-01,"Stainless small bowl 3.5""x2.5"" (dia.*height)",งานทั่วไป,Bulls,ชิ้น,Bulls Instrumed Intl,48.125,120.0,130.0,100.0,90.0,0.599,0.5188,0.46530000000000005,PRICELIST_LEGACY,,,,,,,,Instrument-Bull's,price_last,OK,
B-GE014-01,"Stainless small cup 3.0""x3.1"" (dia.*height)",งานทั่วไป,Bulls,ชิ้น,Bulls Instrumed Intl,54.6875,120.0,130.0,110.0,100.0,0.5443,0.5028,0.4531,PRICELIST_LEGACY,,,,,,,,Instrument-Bull's,price_last,OK,
B-GE015-01,"Tray without cover 6""x9""x0.75"" (W*L*H)",งานทั่วไป,Bulls,ชิ้น,Bulls Instrumed Intl,85.3125,220.0,240.0,170.0,150.0,0.6122000000000001,0.49820000000000003,0.4313,PRICELIST_LEGACY,,,,,,,,Instrument-Bull's,price_last,OK,
B-GE016-01,"Guaze jar 3.5""x2.5"" (dia.xH)",งานทั่วไป,Bulls,ชิ้น,Bulls Instrumed Intl,131.25,300.0,330.0,260.0,220.0,0.5625,0.49520000000000003,0.40340000000000004,PRICELIST_LEGACY,,,,,,,,Instrument-Bull's,price_last,OK,
B-GE017-01,"Forcep Stand 21."" x 4.5 "" (dia*height)",งานทั่วไป,Bulls,ชิ้น,Bulls Instrumed Intl,131.25,300.0,330.0,260.0,220.0,0.5625,0.49520000000000003,0.40340000000000004,PRICELIST_LEGACY,,,,,,,,Instrument-Bull's,price_last,OK,
B-GE018-01,"Small tray with cover 3.25""x8.5""x1.25"" (W*L*H)",งานทั่วไป,Bulls,ชิ้น,Bulls Instrumed Intl,166.25,350.0,390.0,320.0,280.0,0.525,0.48050000000000004,0.4062,PRICELIST_LEGACY,,,,,,,,Instrument-Bull's,price_last,OK,
B-GE019-01,"Large tray with cover 5""x9""x2"" (W*L*H)",งานทั่วไป,Bulls,ชิ้น,Bulls Instrumed Intl,129.0625,350.0,390.0,250.0,220.0,0.6312,0.4838,0.41340000000000005,PRICELIST_LEGACY,,,,,,,,Instrument-Bull's,price_last,OK,
B-PD001-01,Mouth Gag (children),งานทั่วไป,Bulls,ชิ้น,Bulls Instrumed Intl,262.5,750.0,830.0,530.0,440.0,0.65,0.5047,0.40340000000000004,PRICELIST_LEGACY,,,,,,,,Instrument-Bull's,price_last,OK,
B-PD002-01,Mouth Gag (Adult),งานทั่วไป,Bulls,ชิ้น,Bulls Instrumed Intl,306.25,900.0,990.0,630.0,520.0,0.6597000000000001,0.5139,0.4111,PRICELIST_LEGACY,,,,,,,,Instrument-Bull's,price_last,OK,
B-EN001-01,Cement Spatula 1655/2,งานรักษารากฟัน,Bulls,ชิ้น,Bulls Instrumed Intl,37.1875,100.0,110.0,80.0,70.0,0.6281,0.5352,0.46880000000000005,PRICELIST_LEGACY,,,,,,,,Instrument-Bull's,price_last,OK,
B-EN002-01,Finger ruler 2355,งานรักษารากฟัน,Bulls,ชิ้น,Bulls Instrumed Intl,65.625,195.0,210.0,140.0,110.0,0.6635,0.5312,0.40340000000000004,PRICELIST_LEGACY,,,,,,,,Instrument-Bull's,price_last,OK,
B-EN003-01,Rubber dam frame 2420M adult,งานรักษารากฟัน,Bulls,ชิ้น,Bulls Instrumed Intl,43.75,180.0,200.0,130.0,80.0,0.7569,0.6635,0.4531,PRICELIST_LEGACY,,,,,,,,Instrument-Bull's,price_last,OK,
B-EN004-01,Rubber dam frame 2420S Children,งานรักษารากฟัน,Bulls,ชิ้น,Bulls Instrumed Intl,43.75,180.0,200.0,130.0,80.0,0.7569,0.6635,0.4531,PRICELIST_LEGACY,,,,,,,,Instrument-Bull's,price_last,OK,
B-EN005-01,Rubber dam punch 2555/2 (160 mm),งานรักษารากฟัน,Bulls,ชิ้น,Bulls Instrumed Intl,328.125,180.0,200.0,180.0,180.0,-0.8229000000000001,-0.8229000000000001,-0.8229000000000001,PRICELIST_LEGACY,,,,,,,,Instrument-Bull's,price_last,REVIEW,ต้นทุนสูงเกินไป ราคา Dealer ทำ GP 48% ไม่ได้ / ราคาเอกชนมี GP เพียง -82.3% ต่ำกว่าเกณฑ์ 40%
B-EN006-01,Rubber dam forcep 313/9 (170 mm) Ivory,งานรักษารากฟัน,Bulls,ชิ้น,Bulls Instrumed Intl,196.875,180.0,200.0,180.0,180.0,-0.09380000000000001,-0.09380000000000001,-0.09380000000000001,PRICELIST_LEGACY,,,,,,,,Instrument-Bull's,price_last,REVIEW,ต้นทุนสูงเกินไป ราคา Dealer ทำ GP 48% ไม่ได้ / ราคาเอกชนมี GP เพียง -9.4% ต่ำกว่าเกณฑ์ 40%
B-EN007-01,Rubber dam forcep 313/9 (170 mm) Brewer,งานรักษารากฟัน,Bulls,ชิ้น,Bulls Instrumed Intl,196.875,180.0,200.0,180.0,180.0,-0.09380000000000001,-0.09380000000000001,-0.09380000000000001,PRICELIST_LEGACY,,,,,,,,Instrument-Bull's,price_last,REVIEW,ต้นทุนสูงเกินไป ราคา Dealer ทำ GP 48% ไม่ได้ / ราคาเอกชนมี GP เพียง -9.4% ต่ำกว่าเกณฑ์ 40%
B-EN008-01,Clamp wingless 15,งานรักษารากฟัน,Bulls,ชิ้น,Bulls Instrumed Intl,26.25,180.0,200.0,130.0,50.0,0.8542000000000001,0.7981,0.47500000000000003,PRICELIST_LEGACY,,,,5 Free 1 = 150.- ; 10 Free 3 = 138.-,5.0,1.0,,Instrument-Bull's,price_last,OK,
B-EN009-01,Clamp wingless 18,งานรักษารากฟัน,Bulls,ชิ้น,Bulls Instrumed Intl,26.25,180.0,200.0,130.0,50.0,0.8542000000000001,0.7981,0.47500000000000003,PRICELIST_LEGACY,,,,,,,,Instrument-Bull's,price_last,OK,
B-EN010-01,Clamp (Molar) No.200,งานรักษารากฟัน,Bulls,ชิ้น,Bulls Instrumed Intl,26.25,180.0,200.0,130.0,50.0,0.8542000000000001,0.7981,0.47500000000000003,PRICELIST_LEGACY,,,,,,,,Instrument-Bull's,price_last,OK,
B-EN011-01,Clamp (Lower Molar) No.7,งานรักษารากฟัน,Bulls,ชิ้น,Bulls Instrumed Intl,26.25,180.0,200.0,130.0,50.0,0.8542000000000001,0.7981,0.47500000000000003,PRICELIST_LEGACY,,,,,,,,Instrument-Bull's,price_last,OK,
B-EN012-01,Clamp (Molar) No.8A,งานรักษารากฟัน,Bulls,ชิ้น,Bulls Instrumed Intl,26.25,180.0,200.0,130.0,50.0,0.8542000000000001,0.7981,0.47500000000000003,PRICELIST_LEGACY,,,,,,,,Instrument-Bull's,price_last,OK,
B-EN013-01,Clamp wingless W8A,งานรักษารากฟัน,Bulls,ชิ้น,Bulls Instrumed Intl,26.25,180.0,200.0,130.0,50.0,0.8542000000000001,0.7981,0.47500000000000003,PRICELIST_LEGACY,,,,,,,,Instrument-Bull's,price_last,OK,
B-EN014-01,Clamp (Lower Molar) No.12A,งานรักษารากฟัน,Bulls,ชิ้น,Bulls Instrumed Intl,26.25,180.0,200.0,130.0,50.0,0.8542000000000001,0.7981,0.47500000000000003,PRICELIST_LEGACY,,,,,,,,Instrument-Bull's,price_last,OK,
B-EN015-01,Clamp (Lower Molar) No.13A,งานรักษารากฟัน,Bulls,ชิ้น,Bulls Instrumed Intl,26.25,180.0,200.0,130.0,50.0,0.8542000000000001,0.7981,0.47500000000000003,PRICELIST_LEGACY,,,,,,,,Instrument-Bull's,price_last,OK,
B-EN016-01,Clamp (Molar) No.14,งานรักษารากฟัน,Bulls,ชิ้น,Bulls Instrumed Intl,26.25,180.0,200.0,130.0,50.0,0.8542000000000001,0.7981,0.47500000000000003,PRICELIST_LEGACY,,,,,,,,Instrument-Bull's,price_last,OK,
B-EN017-01,Clamp (Molar) No.14A,งานรักษารากฟัน,Bulls,ชิ้น,Bulls Instrumed Intl,26.25,180.0,200.0,130.0,50.0,0.8542000000000001,0.7981,0.47500000000000003,PRICELIST_LEGACY,,,,,,,,Instrument-Bull's,price_last,OK,
B-EN018-01,Clamp (Premolar) No.1,งานรักษารากฟัน,Bulls,ชิ้น,Bulls Instrumed Intl,26.25,180.0,200.0,130.0,50.0,0.8542000000000001,0.7981,0.47500000000000003,PRICELIST_LEGACY,,,,,,,,Instrument-Bull's,price_last,OK,
B-EN019-01,Clamp (Premolar) No.2,งานรักษารากฟัน,Bulls,ชิ้น,Bulls Instrumed Intl,26.25,180.0,200.0,130.0,50.0,0.8542000000000001,0.7981,0.47500000000000003,PRICELIST_LEGACY,,,,,,,,Instrument-Bull's,price_last,OK,
B-EN020-01,Clamp (Premolar) No.2A,งานรักษารากฟัน,Bulls,ชิ้น,Bulls Instrumed Intl,26.25,180.0,200.0,130.0,50.0,0.8542000000000001,0.7981,0.47500000000000003,PRICELIST_LEGACY,,,,,,,,Instrument-Bull's,price_last,OK,
B-EN021-01,Clamp (Premolar) No.0,งานรักษารากฟัน,Bulls,ชิ้น,Bulls Instrumed Intl,26.25,180.0,200.0,130.0,50.0,0.8542000000000001,0.7981,0.47500000000000003,PRICELIST_LEGACY,,,,,,,,Instrument-Bull's,price_last,OK,
B-EN022-01,Clamp (anterior) No.00,งานรักษารากฟัน,Bulls,ชิ้น,Bulls Instrumed Intl,26.25,180.0,200.0,130.0,50.0,0.8542000000000001,0.7981,0.47500000000000003,PRICELIST_LEGACY,,,,,,,,Instrument-Bull's,price_last,OK,
B-EN023-01,Clamp (anterior) No.212,งานรักษารากฟัน,Bulls,ชิ้น,Bulls Instrumed Intl,26.25,180.0,200.0,130.0,50.0,0.8542000000000001,0.7981,0.47500000000000003,PRICELIST_LEGACY,,,,,,,,Instrument-Bull's,price_last,OK,
B-EN024-01,Clamp (anterior) No.9,งานรักษารากฟัน,Bulls,ชิ้น,Bulls Instrumed Intl,26.25,180.0,200.0,130.0,50.0,0.8542000000000001,0.7981,0.47500000000000003,PRICELIST_LEGACY,,,,,,,,Instrument-Bull's,price_last,OK,
B-EN025-01,Endo spoon 32L 1.5mm,งานรักษารากฟัน,Bulls,ชิ้น,Bulls Instrumed Intl,37.1875,120.0,130.0,90.0,70.0,0.6901,0.5868,0.46880000000000005,PRICELIST_LEGACY,,,,,,,,Instrument-Bull's,price_last,OK,
B-EN026-01,Glick No.1,งานรักษารากฟัน,Bulls,ชิ้น,Bulls Instrumed Intl,37.1875,120.0,130.0,90.0,70.0,0.6901,0.5868,0.46880000000000005,PRICELIST_LEGACY,,,,,,,,Instrument-Bull's,price_last,OK,
B-EN027-01,Root canal spreader D11T,งานรักษารากฟัน,Bulls,ชิ้น,Bulls Instrumed Intl,37.1875,150.0,160.0,110.0,70.0,0.7521,0.6619,0.46880000000000005,PRICELIST_LEGACY,,,,10 Free 1 = 136.- ;,10.0,1.0,,Instrument-Bull's,price_last,OK,
B-EN028-01,Root canal spreader 25S,งานรักษารากฟัน,Bulls,ชิ้น,Bulls Instrumed Intl,37.1875,150.0,160.0,110.0,70.0,0.7521,0.6619,0.46880000000000005,PRICELIST_LEGACY,,,,,,,,Instrument-Bull's,price_last,OK,
B-EN029-01,Root canal plugger 5/7,งานรักษารากฟัน,Bulls,ชิ้น,Bulls Instrumed Intl,37.1875,150.0,160.0,110.0,70.0,0.7521,0.6619,0.46880000000000005,PRICELIST_LEGACY,,,,,,,,Instrument-Bull's,price_last,OK,
B-EN030-01,Root canal plugger 9/11,งานรักษารากฟัน,Bulls,ชิ้น,Bulls Instrumed Intl,37.1875,150.0,160.0,110.0,70.0,0.7521,0.6619,0.46880000000000005,PRICELIST_LEGACY,,,,,,,,Instrument-Bull's,price_last,OK,
B-EN031-01,Clamp wingless 26,งานรักษารากฟัน,Bulls,ชิ้น,Bulls Instrumed Intl,26.25,180.0,200.0,130.0,50.0,0.8542000000000001,0.7981,0.47500000000000003,PRICELIST_LEGACY,,,,,,,,Instrument-Bull's,price_last,OK,
B-EN032-01,Endo explorer DG16,งานรักษารากฟัน,Bulls,ชิ้น,Bulls Instrumed Intl,37.1875,120.0,130.0,90.0,70.0,0.6901,0.5868,0.46880000000000005,PRICELIST_LEGACY,,,,,,,,Instrument-Bull's,price_last,OK,
B-SR001-01,Corn plier,งานศัยกรรมในช่องปาก,Bulls,ชิ้น,Bulls Instrumed Intl,76.5625,200.0,220.0,150.0,130.0,0.6172000000000001,0.48960000000000004,0.4111,PRICELIST_LEGACY,,,,,,,,Instrument-Bull's,price_last,OK,
B-SR002-01,Adson tissue forcep 2403 (12cm) serrated,งานศัยกรรมในช่องปาก,Bulls,ชิ้น,Bulls Instrumed Intl,54.6875,150.0,160.0,110.0,100.0,0.6354000000000001,0.5028,0.4531,PRICELIST_LEGACY,,,,,,,,Instrument-Bull's,price_last,OK,
B-SR003-01,Adson tissue forcep 2399 (12cm) teeth,งานศัยกรรมในช่องปาก,Bulls,ชิ้น,Bulls Instrumed Intl,54.6875,150.0,160.0,110.0,100.0,0.6354000000000001,0.5028,0.4531,PRICELIST_LEGACY,,,,,,,,Instrument-Bull's,price_last,OK,
B-SR004-01,Bone application gun 2.5 mm,งานศัยกรรมในช่องปาก,Bulls,ชิ้น,Bulls Instrumed Intl,185.9375,550.0,600.0,390.0,310.0,0.6619,0.5232,0.4002,PRICELIST_LEGACY,,,,,,,,Instrument-Bull's,price_last,OK,
B-SR005-01,Bone application gun 4.5 mm,งานศัยกรรมในช่องปาก,Bulls,ชิ้น,Bulls Instrumed Intl,185.9375,550.0,600.0,390.0,310.0,0.6619,0.5232,0.4002,PRICELIST_LEGACY,,,,,,,,Instrument-Bull's,price_last,OK,
B-SR009-01,Minnesota retractor,งานศัยกรรมในช่องปาก,Bulls,ชิ้น,Bulls Instrumed Intl,65.625,220.0,240.0,160.0,110.0,0.7017,0.5898,0.40340000000000004,PRICELIST_LEGACY,,,,,,,,Instrument-Bull's,price_last,OK,
B-SR010-01,Iris Scissors Straight 11.5mm (กรรไกรตัดไหมตรง),งานศัยกรรมในช่องปาก,Bulls,ชิ้น,Bulls Instrumed Intl,65.625,265.0,290.0,190.0,110.0,0.7524000000000001,0.6546000000000001,0.40340000000000004,PRICELIST_LEGACY,,,,,,,,Instrument-Bull's,price_last,OK,
B-SR011-01,Iris Scissors Curve 11.5mm (กรรไกรตัดไหมโค้ง),งานศัยกรรมในช่องปาก,Bulls,ชิ้น,Bulls Instrumed Intl,65.625,265.0,290.0,190.0,110.0,0.7524000000000001,0.6546000000000001,0.40340000000000004,PRICELIST_LEGACY,,,,,,,,Instrument-Bull's,price_last,OK,
B-SR012-01,Kelly Scissors 16mm Straight (กรรไกรตัดไหมตรงยาว),งานศัยกรรมในช่องปาก,Bulls,ชิ้น,Bulls Instrumed Intl,109.375,265.0,290.0,220.0,190.0,0.5873,0.5028,0.4243,PRICELIST_LEGACY,,,,,,,,Instrument-Bull's,price_last,OK,
B-SR013-01,Kelly Scissors 16mm Curve (กรรไกรตัดไหมโค้งยาว),งานศัยกรรมในช่องปาก,Bulls,ชิ้น,Bulls Instrumed Intl,109.375,265.0,290.0,220.0,190.0,0.5873,0.5028,0.4243,PRICELIST_LEGACY,,,,,,,,Instrument-Bull's,price_last,OK,
B-SR017-01,Towel clip Backhaus 11cm,งานศัยกรรมในช่องปาก,Bulls,ชิ้น,Bulls Instrumed Intl,76.5625,200.0,220.0,150.0,130.0,0.6172000000000001,0.48960000000000004,0.4111,PRICELIST_LEGACY,,,,,,,,Instrument-Bull's,price_last,OK,
B-SR018-01,Artery forcep Curve 14cm,งานศัยกรรมในช่องปาก,Bulls,ชิ้น,Bulls Instrumed Intl,76.5625,200.0,220.0,150.0,130.0,0.6172000000000001,0.48960000000000004,0.4111,PRICELIST_LEGACY,,,,,,,,Instrument-Bull's,price_last,OK,
B-SR019-01,Artery forcep Curve 12cm Mosquito,งานศัยกรรมในช่องปาก,Bulls,ชิ้น,Bulls Instrumed Intl,65.625,200.0,220.0,140.0,110.0,0.6719,0.5312,0.40340000000000004,PRICELIST_LEGACY,,,,,,,,Instrument-Bull's,price_last,OK,
B-SR020-01,Artery forcep Straight 14cm,งานศัยกรรมในช่องปาก,Bulls,ชิ้น,Bulls Instrumed Intl,76.5625,200.0,220.0,150.0,130.0,0.6172000000000001,0.48960000000000004,0.4111,PRICELIST_LEGACY,,,,,,,,Instrument-Bull's,price_last,OK,
B-SR021-01,Weider Toungue retractor 44 mm,งานศัยกรรมในช่องปาก,Bulls,ชิ้น,Bulls Instrumed Intl,109.375,265.0,290.0,220.0,190.0,0.5873,0.5028,0.4243,PRICELIST_LEGACY,,,,,,,,Instrument-Bull's,price_last,OK,
B-SR022-01,Weider Toungue retractor 31 mm,งานศัยกรรมในช่องปาก,Bulls,ชิ้น,Bulls Instrumed Intl,98.4375,265.0,290.0,190.0,170.0,0.6285000000000001,0.48190000000000005,0.421,PRICELIST_LEGACY,,,,,,,,Instrument-Bull's,price_last,OK,
B-SR023-01,Combination Rake/Flat type retractor,งานศัยกรรมในช่องปาก,Bulls,ชิ้น,Bulls Instrumed Intl,67.8125,265.0,290.0,190.0,120.0,0.7441,0.6431,0.4349,PRICELIST_LEGACY,,,,,,,,Instrument-Bull's,price_last,OK,
B-SR024-01,Sinus Retractor,งานศัยกรรมในช่องปาก,Bulls,ชิ้น,Bulls Instrumed Intl,196.875,550.0,600.0,390.0,330.0,0.642,0.49520000000000003,0.40340000000000004,PRICELIST_LEGACY,,,,,,,,Instrument-Bull's,price_last,OK,
B-SR025-01,Misch Ramus Retractor Left 21 mm,งานศัยกรรมในช่องปาก,Bulls,ชิ้น,Bulls Instrumed Intl,175.0,550.0,600.0,390.0,300.0,0.6818000000000001,0.5513,0.4167,PRICELIST_LEGACY,,,,,,,,Instrument-Bull's,price_last,OK,
B-SR026-01,Misch Ramus Retractor Right 21 mm,งานศัยกรรมในช่องปาก,Bulls,ชิ้น,Bulls Instrumed Intl,175.0,550.0,600.0,390.0,300.0,0.6818000000000001,0.5513,0.4167,PRICELIST_LEGACY,,,,,,,,Instrument-Bull's,price_last,OK,
B-SR027-01,Ramus Retractor,งานศัยกรรมในช่องปาก,Bulls,ชิ้น,Bulls Instrumed Intl,175.0,550.0,600.0,390.0,300.0,0.6818000000000001,0.5513,0.4167,PRICELIST_LEGACY,,,,,,,,Instrument-Bull's,price_last,OK,
B-SR028-01,Misch Sinus retractor,งานศัยกรรมในช่องปาก,Bulls,ชิ้น,Bulls Instrumed Intl,175.0,550.0,600.0,390.0,300.0,0.6818000000000001,0.5513,0.4167,PRICELIST_LEGACY,,,,,,,,Instrument-Bull's,price_last,OK,
B-SR029-01,Fingertip Retractor,งานศัยกรรมในช่องปาก,Bulls,ชิ้น,Bulls Instrumed Intl,175.0,550.0,600.0,390.0,300.0,0.6818000000000001,0.5513,0.4167,PRICELIST_LEGACY,,,,,,,,Instrument-Bull's,price_last,OK,
B-SR030-01,Surgical Mallet,งานศัยกรรมในช่องปาก,Bulls,ชิ้น,Bulls Instrumed Intl,168.4375,550.0,600.0,390.0,290.0,0.6937,0.5681,0.4192,PRICELIST_LEGACY,,,,,,,,Instrument-Bull's,price_last,OK,
B-SR031-01,Bone scraper,งานศัยกรรมในช่องปาก,Bulls,ชิ้น,Bulls Instrumed Intl,481.25,1250.0,1400.0,930.0,810.0,0.615,0.48250000000000004,0.40590000000000004,PRICELIST_LEGACY,,,,,,,,Instrument-Bull's,price_last,OK,
B-SR032-01,Trephine Drill,งานศัยกรรมในช่องปาก,Bulls,ชิ้น,Bulls Instrumed Intl,1531.25,3500.0,3900.0,3000.0,2600.0,0.5625,0.48960000000000004,0.4111,PRICELIST_LEGACY,,,,,,,,Instrument-Bull's,price_last,OK,
B-SR033-01,Bone chissel 3mm,งานศัยกรรมในช่องปาก,Bulls,ชิ้น,Bulls Instrumed Intl,153.125,550.0,600.0,390.0,260.0,0.7216,0.6074,0.4111,PRICELIST_LEGACY,,,,,,,,Instrument-Bull's,price_last,OK,
B-SR034-01,Bone chissel 6mm,งานศัยกรรมในช่องปาก,Bulls,ชิ้น,Bulls Instrumed Intl,153.125,550.0,600.0,390.0,260.0,0.7216,0.6074,0.4111,PRICELIST_LEGACY,,,,,,,,Instrument-Bull's,price_last,OK,
B-SR035-01,Bone chissel 9mm,งานศัยกรรมในช่องปาก,Bulls,ชิ้น,Bulls Instrumed Intl,153.125,550.0,600.0,390.0,260.0,0.7216,0.6074,0.4111,PRICELIST_LEGACY,,,,,,,,Instrument-Bull's,price_last,OK,
B-EX001-01,Cow horn 23,ชุดงานถอนฟัน,Bulls,ชิ้น,Bulls Instrumed Intl,196.875,600.0,660.0,420.0,330.0,0.6719,0.5312,0.40340000000000004,PRICELIST_LEGACY,,,,10 Free 1 = 545.- ; 20 Free 3 = 521.-,10.0,1.0,,Instrument-Bull's,price_last,OK,
B-EX002-01,Root forcep 69,ชุดงานถอนฟัน,Bulls,ชิ้น,Bulls Instrumed Intl,196.875,600.0,660.0,420.0,330.0,0.6719,0.5312,0.40340000000000004,PRICELIST_LEGACY,,,,,,,,Instrument-Bull's,price_last,OK,
B-EX003-01,Upper molar 88R,ชุดงานถอนฟัน,Bulls,ชิ้น,Bulls Instrumed Intl,196.875,600.0,660.0,420.0,330.0,0.6719,0.5312,0.40340000000000004,PRICELIST_LEGACY,,,,,,,,Instrument-Bull's,price_last,OK,
B-EX004-01,Upper molar 88L,ชุดงานถอนฟัน,Bulls,ชิ้น,Bulls Instrumed Intl,196.875,600.0,660.0,420.0,330.0,0.6719,0.5312,0.40340000000000004,PRICELIST_LEGACY,,,,,,,,Instrument-Bull's,price_last,OK,
B-EX005-01,Extraction forcep 150,ชุดงานถอนฟัน,Bulls,ชิ้น,Bulls Instrumed Intl,196.875,600.0,660.0,420.0,330.0,0.6719,0.5312,0.40340000000000004,PRICELIST_LEGACY,,,,,,,,Instrument-Bull's,price_last,OK,
B-EX006-01,Extraction forcep 150s,ชุดงานถอนฟัน,Bulls,ชิ้น,Bulls Instrumed Intl,196.875,600.0,660.0,420.0,330.0,0.6719,0.5312,0.40340000000000004,PRICELIST_LEGACY,,,,,,,,Instrument-Bull's,price_last,OK,
B-EX007-01,Extraction forcep 151s,ชุดงานถอนฟัน,Bulls,ชิ้น,Bulls Instrumed Intl,196.875,600.0,660.0,420.0,330.0,0.6719,0.5312,0.40340000000000004,PRICELIST_LEGACY,,,,,,,,Instrument-Bull's,price_last,OK,
B-EX008-01,Extraction forcep 151,ชุดงานถอนฟัน,Bulls,ชิ้น,Bulls Instrumed Intl,196.875,600.0,660.0,420.0,330.0,0.6719,0.5312,0.40340000000000004,PRICELIST_LEGACY,,,,,,,,Instrument-Bull's,price_last,OK,
B-EX009-01,Bone Rongeurs forcep,ชุดงานถอนฟัน,Bulls,ชิ้น,Bulls Instrumed Intl,260.3125,800.0,880.0,560.0,440.0,0.6746,0.5352,0.40840000000000004,PRICELIST_LEGACY,,,,,,,,Instrument-Bull's,price_last,OK,
B-EX010-01,Cartridge syringe aspirated No. 1642,ชุดงานถอนฟัน,Bulls,ชิ้น,Bulls Instrumed Intl,240.625,550.0,600.0,470.0,410.0,0.5625,0.488,0.4131,PRICELIST_LEGACY,,,,,,,,Instrument-Bull's,price_last,OK,
B-EX011-01,Cartridge syringe non-aspirated No. 2467,ชุดงานถอนฟัน,Bulls,ชิ้น,Bulls Instrumed Intl,240.625,550.0,600.0,470.0,410.0,0.5625,0.488,0.4131,PRICELIST_LEGACY,,,,,,,,Instrument-Bull's,price_last,OK,
B-EX012-01,Hylin Straight elevator 508-01,ชุดงานถอนฟัน,Bulls,ชิ้น,Bulls Instrumed Intl,109.375,380.0,420.0,270.0,190.0,0.7122,0.5949,0.4243,PRICELIST_LEGACY,,,,,,,,Instrument-Bull's,price_last,OK,
B-EX013-01,Hylin Angle elevator 508-03,ชุดงานถอนฟัน,Bulls,ชิ้น,Bulls Instrumed Intl,109.375,380.0,420.0,270.0,190.0,0.7122,0.5949,0.4243,PRICELIST_LEGACY,,,,,,,,Instrument-Bull's,price_last,OK,
B-EX014-01,Hylin Angle elevator 508-04,ชุดงานถอนฟัน,Bulls,ชิ้น,Bulls Instrumed Intl,109.375,380.0,420.0,270.0,190.0,0.7122,0.5949,0.4243,PRICELIST_LEGACY,,,,,,,,Instrument-Bull's,price_last,OK,
B-EX015-01,Apical Staight elevator 301,ชุดงานถอนฟัน,Bulls,ชิ้น,Bulls Instrumed Intl,54.6875,380.0,420.0,270.0,100.0,0.8561000000000001,0.7975,0.4531,PRICELIST_LEGACY,,,,,,,,Instrument-Bull's,price_last,OK,
B-EX016-01,Aplical Angle elevator 190,ชุดงานถอนฟัน,Bulls,ชิ้น,Bulls Instrumed Intl,54.6875,380.0,420.0,270.0,100.0,0.8561000000000001,0.7975,0.4531,PRICELIST_LEGACY,,,,,,,,Instrument-Bull's,price_last,OK,
B-EX017-01,Aplical Angle elevator 191,ชุดงานถอนฟัน,Bulls,ชิ้น,Bulls Instrumed Intl,54.6875,380.0,420.0,270.0,100.0,0.8561000000000001,0.7975,0.4531,PRICELIST_LEGACY,,,,,,,,Instrument-Bull's,price_last,OK,
B-EX018-01,Byonet 27,ชุดงานถอนฟัน,Bulls,ชิ้น,Bulls Instrumed Intl,54.6875,380.0,420.0,270.0,100.0,0.8561000000000001,0.7975,0.4531,PRICELIST_LEGACY,,,,,,,,Instrument-Bull's,price_last,OK,
B-EX019-01,Byonet 28,ชุดงานถอนฟัน,Bulls,ชิ้น,Bulls Instrumed Intl,54.6875,380.0,420.0,270.0,100.0,0.8561000000000001,0.7975,0.4531,PRICELIST_LEGACY,,,,,,,,Instrument-Bull's,price_last,OK,
B-EX020-01,Heidbrik Root tip pick RTP1/RTP2/RTP3,ชุดงานถอนฟัน,Bulls,ชิ้น,Bulls Instrumed Intl,426.5625,1350.0,1500.0,950.0,720.0,0.684,0.551,0.4076,PRICELIST_LEGACY,,,,,,,,Instrument-Bull's,price_last,OK,
B-EX021-01,Bone file (large),ชุดงานถอนฟัน,Bulls,ชิ้น,Bulls Instrumed Intl,120.3125,300.0,330.0,240.0,210.0,0.599,0.49870000000000003,0.42710000000000004,PRICELIST_LEGACY,,,,,,,,Instrument-Bull's,price_last,OK,
B-EX022-01,Bone file (small) 865/2,ชุดงานถอนฟัน,Bulls,ชิ้น,Bulls Instrumed Intl,120.3125,300.0,330.0,240.0,210.0,0.599,0.49870000000000003,0.42710000000000004,PRICELIST_LEGACY,,,,,,,,Instrument-Bull's,price_last,OK,
B-EX023-01,Bone curettes Lucas (small) 2.8mm,ชุดงานถอนฟัน,Bulls,ชิ้น,Bulls Instrumed Intl,37.1875,190.0,210.0,140.0,70.0,0.8043,0.7344,0.46880000000000005,PRICELIST_LEGACY,,,,,,,,Instrument-Bull's,price_last,OK,
B-EX024-01,Bone curettes Lucas (large) 3.5mm,ชุดงานถอนฟัน,Bulls,ชิ้น,Bulls Instrumed Intl,37.1875,190.0,210.0,140.0,70.0,0.8043,0.7344,0.46880000000000005,PRICELIST_LEGACY,,,,,,,,Instrument-Bull's,price_last,OK,
B-EX025-01,Luxator 3,ชุดงานถอนฟัน,Bulls,ชิ้น,Bulls Instrumed Intl,142.1875,330.0,360.0,280.0,240.0,0.5691,0.4922,0.4076,PRICELIST_LEGACY,,,,,,,,Instrument-Bull's,price_last,OK,
B-EX026-01,Luxator 4,ชุดงานถอนฟัน,Bulls,ชิ้น,Bulls Instrumed Intl,142.1875,330.0,360.0,280.0,240.0,0.5691,0.4922,0.4076,PRICELIST_LEGACY,,,,,,,,Instrument-Bull's,price_last,OK,
B-EX027-01,Luxator 5,ชุดงานถอนฟัน,Bulls,ชิ้น,Bulls Instrumed Intl,142.1875,330.0,360.0,280.0,240.0,0.5691,0.4922,0.4076,PRICELIST_LEGACY,,,,,,,,Instrument-Bull's,price_last,OK,
B-EX028-01,Luxator 3 mm. curve,ชุดงานถอนฟัน,Bulls,ชิ้น,Bulls Instrumed Intl,142.1875,330.0,360.0,280.0,240.0,0.5691,0.4922,0.4076,PRICELIST_LEGACY,,,,,,,,Instrument-Bull's,price_last,OK,
B-EX029-01,Luxator 4 mm. curve,ชุดงานถอนฟัน,Bulls,ชิ้น,Bulls Instrumed Intl,142.1875,330.0,360.0,280.0,240.0,0.5691,0.4922,0.4076,PRICELIST_LEGACY,,,,,,,,Instrument-Bull's,price_last,OK,
B-EX030-01,Luxator 5 mm. curve,ชุดงานถอนฟัน,Bulls,ชิ้น,Bulls Instrumed Intl,142.1875,330.0,360.0,280.0,240.0,0.5691,0.4922,0.4076,PRICELIST_LEGACY,,,,,,,,Instrument-Bull's,price_last,OK,
B-EX031-01,Spoon excavator No. 1.1 (1.1mm),ชุดงานอุดฟัน,Bulls,ชิ้น,Bulls Instrumed Intl,37.1875,100.0,110.0,80.0,70.0,0.6281,0.5352,0.46880000000000005,PRICELIST_LEGACY,,,,10 Free1 = 90.-,10.0,1.0,,Instrument-Bull's,price_last,OK,
B-FI001-01,Articulating paper forcep 2264,ชุดงานอุดฟัน,Bulls,ชิ้น,Bulls Instrumed Intl,65.625,190.0,210.0,140.0,110.0,0.6546000000000001,0.5312,0.40340000000000004,PRICELIST_LEGACY,,,,,,,,Instrument-Bull's,price_last,OK,
B-FI002-01,Amalgam Carver fig 8 Wiland (Interproximal carver),ชุดงานอุดฟัน,Bulls,ชิ้น,Bulls Instrumed Intl,37.1875,100.0,110.0,80.0,70.0,0.6281,0.5352,0.46880000000000005,PRICELIST_LEGACY,,,,,,,,Instrument-Bull's,price_last,OK,
B-FI003-01,Spoon round excavator No. 17 (1.2mm),ชุดงานอุดฟัน,Bulls,ชิ้น,Bulls Instrumed Intl,37.1875,100.0,110.0,80.0,70.0,0.6281,0.5352,0.46880000000000005,PRICELIST_LEGACY,,,,,,,,Instrument-Bull's,price_last,OK,
B-FI004-01,Spoon round excavator No. 18 (1.5mm),ชุดงานอุดฟัน,Bulls,ชิ้น,Bulls Instrumed Intl,37.1875,100.0,110.0,80.0,70.0,0.6281,0.5352,0.46880000000000005,PRICELIST_LEGACY,,,,,,,,Instrument-Bull's,price_last,OK,
B-FI005-01,Spoon round excavator No. 19 (2.0mm),ชุดงานอุดฟัน,Bulls,ชิ้น,Bulls Instrumed Intl,37.1875,100.0,110.0,80.0,70.0,0.6281,0.5352,0.46880000000000005,PRICELIST_LEGACY,,,,,,,,Instrument-Bull's,price_last,OK,
B-FI006-01,Amalgam Carrier 1051/2 (2-side),ชุดงานอุดฟัน,Bulls,ชิ้น,Bulls Instrumed Intl,153.125,550.0,600.0,390.0,260.0,0.7216,0.6074,0.4111,PRICELIST_LEGACY,,,,,,,,Instrument-Bull's,price_last,OK,
B-FI007-01,Amalgam Carrier 2410/2,ชุดงานอุดฟัน,Bulls,ชิ้น,Bulls Instrumed Intl,153.125,450.0,500.0,320.0,260.0,0.6597000000000001,0.5215000000000001,0.4111,PRICELIST_LEGACY,,,,,,,,Instrument-Bull's,price_last,OK,
B-FI008-01,Tofflemire 2396,ชุดงานอุดฟัน,Bulls,ชิ้น,Bulls Instrumed Intl,65.625,270.0,300.0,190.0,110.0,0.7569,0.6546000000000001,0.40340000000000004,PRICELIST_LEGACY,,,,,,,,Instrument-Bull's,price_last,OK,
B-FI009-01,Ivory matrix holder 2391,ชุดงานอุดฟัน,Bulls,ชิ้น,Bulls Instrumed Intl,76.5625,350.0,390.0,250.0,130.0,0.7812,0.6937,0.4111,PRICELIST_LEGACY,,,,,,,,Instrument-Bull's,price_last,OK,
B-FI010-01,Ball Burnisher double-end 26/27s,ชุดงานอุดฟัน,Bulls,ชิ้น,Bulls Instrumed Intl,37.1875,100.0,110.0,80.0,70.0,0.6281,0.5352,0.46880000000000005,PRICELIST_LEGACY,,,,10 Free1 = 90.-,10.0,1.0,,Instrument-Bull's,price_last,OK,
B-FI011-01,Ball Burnisher double-end 25/26,ชุดงานอุดฟัน,Bulls,ชิ้น,Bulls Instrumed Intl,37.1875,100.0,110.0,80.0,70.0,0.6281,0.5352,0.46880000000000005,PRICELIST_LEGACY,,,,,,,,Instrument-Bull's,price_last,OK,
B-FI012-01,Burnisher for groove (ball/tear drop),ชุดงานอุดฟัน,Bulls,ชิ้น,Bulls Instrumed Intl,37.1875,100.0,110.0,80.0,70.0,0.6281,0.5352,0.46880000000000005,PRICELIST_LEGACY,,,,,,,,Instrument-Bull's,price_last,OK,
B-FI013-01,Burnisher 1805 T-ball/Ovoid (1.8/3.0 mm),ชุดงานอุดฟัน,Bulls,ชิ้น,Bulls Instrumed Intl,54.6875,180.0,200.0,130.0,100.0,0.6962,0.5793,0.4531,PRICELIST_LEGACY,,,,10 Free 1 = 163.- ; 20 Free 3 = 156.-,10.0,1.0,,Instrument-Bull's,price_last,OK,
B-FI014-01,Grove burnisher 21B,ชุดงานอุดฟัน,Bulls,ชิ้น,Bulls Instrumed Intl,37.1875,100.0,110.0,80.0,70.0,0.6281,0.5352,0.46880000000000005,PRICELIST_LEGACY,,,,,,,,Instrument-Bull's,price_last,OK,
B-FI015-01,Amalgam Carver Hollenback 3,ชุดงานอุดฟัน,Bulls,ชิ้น,Bulls Instrumed Intl,37.1875,100.0,110.0,80.0,70.0,0.6281,0.5352,0.46880000000000005,PRICELIST_LEGACY,,,,,,,,Instrument-Bull's,price_last,OK,
B-FI016-01,Amalgam Carver Hollenback 3s,ชุดงานอุดฟัน,Bulls,ชิ้น,Bulls Instrumed Intl,37.1875,100.0,110.0,80.0,70.0,0.6281,0.5352,0.46880000000000005,PRICELIST_LEGACY,,,,,,,,Instrument-Bull's,price_last,OK,
B-FI017-01,Plastic instrument caulk 5/7 (Flag),ชุดงานอุดฟัน,Bulls,ชิ้น,Bulls Instrumed Intl,37.1875,100.0,110.0,80.0,70.0,0.6281,0.5352,0.46880000000000005,PRICELIST_LEGACY,,,,10 Free1 = 90.-,10.0,1.0,,Instrument-Bull's,price_last,OK,
B-FI018-01,Plastic instrument Ladmore no.3/1.0 (Paddle),ชุดงานอุดฟัน,Bulls,ชิ้น,Bulls Instrumed Intl,37.1875,100.0,110.0,80.0,70.0,0.6281,0.5352,0.46880000000000005,PRICELIST_LEGACY,,,,,,,,Instrument-Bull's,price_last,OK,
B-FI019-01,Discoid - Cleoid 3117,ชุดงานอุดฟัน,Bulls,ชิ้น,Bulls Instrumed Intl,37.1875,100.0,110.0,80.0,70.0,0.6281,0.5352,0.46880000000000005,PRICELIST_LEGACY,,,,,,,,Instrument-Bull's,price_last,OK,
B-FI020-01,Spoon excavator No. 1.5 (1.5mm),ชุดงานอุดฟัน,Bulls,ชิ้น,Bulls Instrumed Intl,37.1875,100.0,110.0,80.0,70.0,0.6281,0.5352,0.46880000000000005,PRICELIST_LEGACY,,,,,,,,Instrument-Bull's,price_last,OK,
B-FI021-01,Spoon excavator No. 2 (2.0mm),ชุดงานอุดฟัน,Bulls,ชิ้น,Bulls Instrumed Intl,37.1875,100.0,110.0,80.0,70.0,0.6281,0.5352,0.46880000000000005,PRICELIST_LEGACY,,,,,,,,Instrument-Bull's,price_last,OK,
B-FI022-01,Amalgum plugger No.1/2 (1.4/2.0 mm),ชุดงานอุดฟัน,Bulls,ชิ้น,Bulls Instrumed Intl,37.1875,100.0,110.0,80.0,70.0,0.6281,0.5352,0.46880000000000005,PRICELIST_LEGACY,,,,,,,,Instrument-Bull's,price_last,OK,
B-FI023-01,Amalgum plugger No.1/2 serrated (1.5/2.5 mm),ชุดงานอุดฟัน,Bulls,ชิ้น,Bulls Instrumed Intl,37.1875,100.0,110.0,80.0,70.0,0.6281,0.5352,0.46880000000000005,PRICELIST_LEGACY,,,,,,,,Instrument-Bull's,price_last,OK,
B-FI024-01,Interproximal carver,ชุดงานอุดฟัน,Bulls,ชิ้น,Bulls Instrumed Intl,37.1875,100.0,110.0,80.0,70.0,0.6281,0.5352,0.46880000000000005,PRICELIST_LEGACY,,,,,,,,Instrument-Bull's,price_last,OK,
B-FI025-01,Universal composite (paddle blade/condenser),ชุดงานอุดฟัน,Bulls,ชิ้น,Bulls Instrumed Intl,37.1875,100.0,110.0,80.0,70.0,0.6281,0.5352,0.46880000000000005,PRICELIST_LEGACY,,,,,,,,Instrument-Bull's,price_last,OK,
B-FI026-01,Double-end blade (paddle blade/paddle blade),ชุดงานอุดฟัน,Bulls,ชิ้น,Bulls Instrumed Intl,37.1875,100.0,110.0,80.0,70.0,0.6281,0.5352,0.46880000000000005,PRICELIST_LEGACY,,,,,,,,Instrument-Bull's,price_last,OK,
B-FI027-01,Dycal carrier 1302,ชุดงานอุดฟัน,Bulls,ชิ้น,Bulls Instrumed Intl,37.1875,90.0,100.0,80.0,70.0,0.5868,0.5352,0.46880000000000005,PRICELIST_LEGACY,,,,,,,,Instrument-Bull's,price_last,OK,
W-ES001-01,Color code #37 O-ring color - Burgundy,,Westlake,แพ็ค,Hangzhou Westlake Biomaterial,29.75,100.0,110.0,70.0,50.0,0.7025,0.5750000000000001,0.405,PRICELIST_LEGACY,,,,Buy 10 Get 2,10.0,2.0,,Orthodontic - Elastic,price_last,OK,
W-ES001-02,Color code #02 Elastic power chain closed - Wine,,Westlake,แพ็ค,Hangzhou Westlake Biomaterial,38.5,100.0,110.0,80.0,70.0,0.615,0.5188,0.45,PRICELIST_LEGACY,,,,Buy 20 Get 5,20.0,5.0,,Orthodontic - Elastic,price_last,OK,
W-ES001-03,Color code #02 Elastic power chain short - Wine,,Westlake,แพ็ค,Hangzhou Westlake Biomaterial,38.5,100.0,110.0,80.0,70.0,0.615,0.5188,0.45,PRICELIST_LEGACY,,,,Buy 50 Get 15,50.0,15.0,,Orthodontic - Elastic,price_last,OK,
W-ES002-01,Color code #02 O-ring color - Wine,,Westlake,แพ็ค,Hangzhou Westlake Biomaterial,29.75,100.0,110.0,70.0,50.0,0.7025,0.5750000000000001,0.405,PRICELIST_LEGACY,,,,,,,,Orthodontic - Elastic,price_last,OK,
W-ES002-02,Color code #01 Elastic power chain closed - Rasberry,,Westlake,แพ็ค,Hangzhou Westlake Biomaterial,38.5,100.0,110.0,80.0,70.0,0.615,0.5188,0.45,PRICELIST_LEGACY,,,,,,,,Orthodontic - Elastic,price_last,OK,
W-ES002-03,Color code #01 Elastic power chain short - Rasberry,,Westlake,แพ็ค,Hangzhou Westlake Biomaterial,38.5,100.0,110.0,80.0,70.0,0.615,0.5188,0.45,PRICELIST_LEGACY,,,,,,,,Orthodontic - Elastic,price_last,OK,
W-ES003-01,Color code #01 O-ring color - Rasberry,,Westlake,แพ็ค,Hangzhou Westlake Biomaterial,29.75,100.0,110.0,70.0,50.0,0.7025,0.5750000000000001,0.405,PRICELIST_LEGACY,,,,,,,,Orthodontic - Elastic,price_last,OK,
W-ES003-02,Color code #03 Elastic power chain closed - Red,,Westlake,แพ็ค,Hangzhou Westlake Biomaterial,38.5,100.0,110.0,80.0,70.0,0.615,0.5188,0.45,PRICELIST_LEGACY,,,,,,,,Orthodontic - Elastic,price_last,OK,
W-ES003-03,Color code #03 Elastic power chain short - Red,,Westlake,แพ็ค,Hangzhou Westlake Biomaterial,38.5,100.0,110.0,80.0,70.0,0.615,0.5188,0.45,PRICELIST_LEGACY,,,,,,,,Orthodontic - Elastic,price_last,OK,
W-ES004-01,Color code #03 O-ring color - Red,,Westlake,แพ็ค,Hangzhou Westlake Biomaterial,29.75,100.0,110.0,70.0,50.0,0.7025,0.5750000000000001,0.405,PRICELIST_LEGACY,,,,,,,,Orthodontic - Elastic,price_last,OK,
W-ES004-02,Color code #04 Elastic power chain closed - Dark orange,,Westlake,แพ็ค,Hangzhou Westlake Biomaterial,38.5,100.0,110.0,80.0,70.0,0.615,0.5188,0.45,PRICELIST_LEGACY,,,,,,,,Orthodontic - Elastic,price_last,OK,
W-ES004-03,Color code #04 Elastic power chain short - Dark orange,,Westlake,แพ็ค,Hangzhou Westlake Biomaterial,38.5,100.0,110.0,80.0,70.0,0.615,0.5188,0.45,PRICELIST_LEGACY,,,,,,,,Orthodontic - Elastic,price_last,OK,
W-ES005-01,Color code #04 O-ring color - Dark orange,,Westlake,แพ็ค,Hangzhou Westlake Biomaterial,29.75,100.0,110.0,70.0,50.0,0.7025,0.5750000000000001,0.405,PRICELIST_LEGACY,,,,,,,,Orthodontic - Elastic,price_last,OK,
W-ES005-02,Color code #05 Elastic power chain closed - Neon orange,,Westlake,แพ็ค,Hangzhou Westlake Biomaterial,38.5,100.0,110.0,80.0,70.0,0.615,0.5188,0.45,PRICELIST_LEGACY,,,,,,,,Orthodontic - Elastic,price_last,OK,
W-ES005-03,Color code #05 Elastic power chain short - Neon orange,,Westlake,แพ็ค,Hangzhou Westlake Biomaterial,38.5,100.0,110.0,80.0,70.0,0.615,0.5188,0.45,PRICELIST_LEGACY,,,,,,,,Orthodontic - Elastic,price_last,OK,
W-ES006-01,Color code #05 O-ring color - Neon orange,,Westlake,แพ็ค,Hangzhou Westlake Biomaterial,29.75,100.0,110.0,70.0,50.0,0.7025,0.5750000000000001,0.405,PRICELIST_LEGACY,,,,,,,,Orthodontic - Elastic,price_last,OK,
W-ES006-02,Color code #12 Elastic power chain closed - Gold,,Westlake,แพ็ค,Hangzhou Westlake Biomaterial,38.5,100.0,110.0,80.0,70.0,0.615,0.5188,0.45,PRICELIST_LEGACY,,,,,,,,Orthodontic - Elastic,price_last,OK,
W-ES006-03,Color code #12 Elastic power chain short - Gold,,Westlake,แพ็ค,Hangzhou Westlake Biomaterial,38.5,100.0,110.0,80.0,70.0,0.615,0.5188,0.45,PRICELIST_LEGACY,,,,,,,,Orthodontic - Elastic,price_last,OK,
W-ES007-01,Color code #12 O-ring color - Gold,,Westlake,แพ็ค,Hangzhou Westlake Biomaterial,29.75,100.0,110.0,70.0,50.0,0.7025,0.5750000000000001,0.405,PRICELIST_LEGACY,,,,,,,,Orthodontic - Elastic,price_last,OK,
W-ES007-02,Color code #26 Elastic power chain closed - Yellow,,Westlake,แพ็ค,Hangzhou Westlake Biomaterial,38.5,100.0,110.0,80.0,70.0,0.615,0.5188,0.45,PRICELIST_LEGACY,,,,,,,,Orthodontic - Elastic,price_last,OK,
W-ES007-03,Color code #26 Elastic power chain short - Yellow,,Westlake,แพ็ค,Hangzhou Westlake Biomaterial,38.5,100.0,110.0,80.0,70.0,0.615,0.5188,0.45,PRICELIST_LEGACY,,,,,,,,Orthodontic - Elastic,price_last,OK,
W-ES008-01,Color code #26 O-ring color - Yellow,,Westlake,แพ็ค,Hangzhou Westlake Biomaterial,29.75,100.0,110.0,70.0,50.0,0.7025,0.5750000000000001,0.405,PRICELIST_LEGACY,,,,,,,,Orthodontic - Elastic,price_last,OK,
W-ES008-02,Color code #29 Elastic power chain closed - Banana,,Westlake,แพ็ค,Hangzhou Westlake Biomaterial,38.5,100.0,110.0,80.0,70.0,0.615,0.5188,0.45,PRICELIST_LEGACY,,,,,,,,Orthodontic - Elastic,price_last,OK,
W-ES008-03,Color code #29 Elastic power chain short - Banana,,Westlake,แพ็ค,Hangzhou Westlake Biomaterial,38.5,100.0,110.0,80.0,70.0,0.615,0.5188,0.45,PRICELIST_LEGACY,,,,,,,,Orthodontic - Elastic,price_last,OK,
W-ES009-01,Color code #29 O-ring color - Banana,,Westlake,แพ็ค,Hangzhou Westlake Biomaterial,29.75,100.0,110.0,70.0,50.0,0.7025,0.5750000000000001,0.405,PRICELIST_LEGACY,,,,,,,,Orthodontic - Elastic,price_last,OK,
W-ES009-02,Color code #44 Elastic power chain closed - Light yellow,,Westlake,แพ็ค,Hangzhou Westlake Biomaterial,38.5,100.0,110.0,80.0,70.0,0.615,0.5188,0.45,PRICELIST_LEGACY,,,,,,,,Orthodontic - Elastic,price_last,OK,
W-ES009-03,Color code #44 Elastic power chain short - Light yellow,,Westlake,แพ็ค,Hangzhou Westlake Biomaterial,38.5,100.0,110.0,80.0,70.0,0.615,0.5188,0.45,PRICELIST_LEGACY,,,,,,,,Orthodontic - Elastic,price_last,OK,
W-ES010-01,Color code #33 O-ring color - Jasmine,,Westlake,แพ็ค,Hangzhou Westlake Biomaterial,29.75,100.0,110.0,70.0,50.0,0.7025,0.5750000000000001,0.405,PRICELIST_LEGACY,,,,,,,,Orthodontic - Elastic,price_last,OK,
W-ES010-02,Color code #35 Elastic power chain closed - Jade,,Westlake,แพ็ค,Hangzhou Westlake Biomaterial,38.5,100.0,110.0,80.0,70.0,0.615,0.5188,0.45,PRICELIST_LEGACY,,,,,,,,Orthodontic - Elastic,price_last,OK,
W-ES010-03,Color code #35 Elastic power chain short - Jade,,Westlake,แพ็ค,Hangzhou Westlake Biomaterial,38.5,100.0,110.0,80.0,70.0,0.615,0.5188,0.45,PRICELIST_LEGACY,,,,,,,,Orthodontic - Elastic,price_last,OK,
W-ES011-01,Color code #44 O-ring color - Light yellow,,Westlake,แพ็ค,Hangzhou Westlake Biomaterial,29.75,100.0,110.0,70.0,50.0,0.7025,0.5750000000000001,0.405,PRICELIST_LEGACY,,,,,,,,Orthodontic - Elastic,price_last,OK,
W-ES011-02,Color code #15 Elastic power chain closed - Green,,Westlake,แพ็ค,Hangzhou Westlake Biomaterial,38.5,100.0,110.0,80.0,70.0,0.615,0.5188,0.45,PRICELIST_LEGACY,,,,,,,,Orthodontic - Elastic,price_last,OK,
W-ES011-03,Color code #15 Elastic power chain short - Green,,Westlake,แพ็ค,Hangzhou Westlake Biomaterial,38.5,100.0,110.0,80.0,70.0,0.615,0.5188,0.45,PRICELIST_LEGACY,,,,,,,,Orthodontic - Elastic,price_last,OK,
W-ES012-01,Color code #35 O-ring color - Jade,,Westlake,แพ็ค,Hangzhou Westlake Biomaterial,29.75,100.0,110.0,70.0,50.0,0.7025,0.5750000000000001,0.405,PRICELIST_LEGACY,,,,,,,,Orthodontic - Elastic,price_last,OK,
W-ES012-02,Color code #14 Elastic power chain closed - Neon green,,Westlake,แพ็ค,Hangzhou Westlake Biomaterial,38.5,100.0,110.0,80.0,70.0,0.615,0.5188,0.45,PRICELIST_LEGACY,,,,,,,,Orthodontic - Elastic,price_last,OK,
W-ES012-03,Color code #14 Elastic power chain short - Neon green,,Westlake,แพ็ค,Hangzhou Westlake Biomaterial,38.5,100.0,110.0,80.0,70.0,0.615,0.5188,0.45,PRICELIST_LEGACY,,,,,,,,Orthodontic - Elastic,price_last,OK,
W-ES013-01,Color code #15 O-ring color - Green,,Westlake,แพ็ค,Hangzhou Westlake Biomaterial,29.75,100.0,110.0,70.0,50.0,0.7025,0.5750000000000001,0.405,PRICELIST_LEGACY,,,,,,,,Orthodontic - Elastic,price_last,OK,
W-ES013-02,Color code #13 Elastic power chain closed - Lime,,Westlake,แพ็ค,Hangzhou Westlake Biomaterial,38.5,100.0,110.0,80.0,70.0,0.615,0.5188,0.45,PRICELIST_LEGACY,,,,,,,,Orthodontic - Elastic,price_last,OK,
W-ES013-03,Color code #13 Elastic power chain short - Lime,,Westlake,แพ็ค,Hangzhou Westlake Biomaterial,38.5,100.0,110.0,80.0,70.0,0.615,0.5188,0.45,PRICELIST_LEGACY,,,,,,,,Orthodontic - Elastic,price_last,OK,
W-ES014-01,Color code #36 O-ring color - Grass,,Westlake,แพ็ค,Hangzhou Westlake Biomaterial,29.75,100.0,110.0,70.0,50.0,0.7025,0.5750000000000001,0.405,PRICELIST_LEGACY,,,,,,,,Orthodontic - Elastic,price_last,OK,
W-ES014-02,Color code #30 Elastic power chain closed - Teal,,Westlake,แพ็ค,Hangzhou Westlake Biomaterial,38.5,100.0,110.0,80.0,70.0,0.615,0.5188,0.45,PRICELIST_LEGACY,,,,,,,,Orthodontic - Elastic,price_last,OK,
W-ES014-03,Color code #30 Elastic power chain short - Teal,,Westlake,แพ็ค,Hangzhou Westlake Biomaterial,38.5,100.0,110.0,80.0,70.0,0.615,0.5188,0.45,PRICELIST_LEGACY,,,,,,,,Orthodontic - Elastic,price_last,OK,
W-ES015-01,Color code #39 O-ring color - Green pear,,Westlake,แพ็ค,Hangzhou Westlake Biomaterial,29.75,100.0,110.0,70.0,50.0,0.7025,0.5750000000000001,0.405,PRICELIST_LEGACY,,,,,,,,Orthodontic - Elastic,price_last,OK,
W-ES015-02,Color code #32 Elastic power chain closed - Gem blue,,Westlake,แพ็ค,Hangzhou Westlake Biomaterial,38.5,100.0,110.0,80.0,70.0,0.615,0.5188,0.45,PRICELIST_LEGACY,,,,,,,,Orthodontic - Elastic,price_last,OK,
W-ES015-03,Color code #32 Elastic power chain short - Gem blue,,Westlake,แพ็ค,Hangzhou Westlake Biomaterial,38.5,100.0,110.0,80.0,70.0,0.615,0.5188,0.45,PRICELIST_LEGACY,,,,,,,,Orthodontic - Elastic,price_last,OK,
W-ES016-01,Color code #14 O-ring color - Neon green,,Westlake,แพ็ค,Hangzhou Westlake Biomaterial,29.75,100.0,110.0,70.0,50.0,0.7025,0.5750000000000001,0.405,PRICELIST_LEGACY,,,,,,,,Orthodontic - Elastic,price_last,OK,
W-ES016-02,Color code #21 Elastic power chain closed - Navy,,Westlake,แพ็ค,Hangzhou Westlake Biomaterial,38.5,100.0,110.0,80.0,70.0,0.615,0.5188,0.45,PRICELIST_LEGACY,,,,,,,,Orthodontic - Elastic,price_last,OK,
W-ES016-03,Color code #21 Elastic power chain short - Navy,,Westlake,แพ็ค,Hangzhou Westlake Biomaterial,38.5,100.0,110.0,80.0,70.0,0.615,0.5188,0.45,PRICELIST_LEGACY,,,,,,,,Orthodontic - Elastic,price_last,OK,
W-ES017-01,Color code #13 O-ring color - Lime,,Westlake,แพ็ค,Hangzhou Westlake Biomaterial,29.75,100.0,110.0,70.0,50.0,0.7025,0.5750000000000001,0.405,PRICELIST_LEGACY,,,,,,,,Orthodontic - Elastic,price_last,OK,
W-ES017-02,Color code #20 Elastic power chain closed - Sapphire,,Westlake,แพ็ค,Hangzhou Westlake Biomaterial,38.5,100.0,110.0,80.0,70.0,0.615,0.5188,0.45,PRICELIST_LEGACY,,,,,,,,Orthodontic - Elastic,price_last,OK,
W-ES017-03,Color code #20 Elastic power chain short - Sapphire,,Westlake,แพ็ค,Hangzhou Westlake Biomaterial,38.5,100.0,110.0,80.0,70.0,0.615,0.5188,0.45,PRICELIST_LEGACY,,,,,,,,Orthodontic - Elastic,price_last,OK,
W-ES018-01,Color code #48 O-ring color - Mint,,Westlake,แพ็ค,Hangzhou Westlake Biomaterial,29.75,100.0,110.0,70.0,50.0,0.7025,0.5750000000000001,0.405,PRICELIST_LEGACY,,,,,,,,Orthodontic - Elastic,price_last,OK,
W-ES018-02,Color code #22 Elastic power chain closed - Royal blue,,Westlake,แพ็ค,Hangzhou Westlake Biomaterial,38.5,100.0,110.0,80.0,70.0,0.615,0.5188,0.45,PRICELIST_LEGACY,,,,,,,,Orthodontic - Elastic,price_last,OK,
W-ES018-03,Color code #22 Elastic power chain short - Royal blue,,Westlake,แพ็ค,Hangzhou Westlake Biomaterial,38.5,100.0,110.0,80.0,70.0,0.615,0.5188,0.45,PRICELIST_LEGACY,,,,,,,,Orthodontic - Elastic,price_last,OK,
W-ES019-01,Color code #30 O-ring color - Teal,,Westlake,แพ็ค,Hangzhou Westlake Biomaterial,29.75,100.0,110.0,70.0,50.0,0.7025,0.5750000000000001,0.405,PRICELIST_LEGACY,,,,,,,,Orthodontic - Elastic,price_last,OK,
W-ES019-02,Color code #47 Elastic power chain closed - Pool,,Westlake,แพ็ค,Hangzhou Westlake Biomaterial,38.5,100.0,110.0,80.0,70.0,0.615,0.5188,0.45,PRICELIST_LEGACY,,,,,,,,Orthodontic - Elastic,price_last,OK,
W-ES019-03,Color code #47 Elastic power chain short - Pool,,Westlake,แพ็ค,Hangzhou Westlake Biomaterial,38.5,100.0,110.0,80.0,70.0,0.615,0.5188,0.45,PRICELIST_LEGACY,,,,,,,,Orthodontic - Elastic,price_last,OK,
W-ES020-01,Color code #32 O-ring color - Gem blue,,Westlake,แพ็ค,Hangzhou Westlake Biomaterial,29.75,100.0,110.0,70.0,50.0,0.7025,0.5750000000000001,0.405,PRICELIST_LEGACY,,,,,,,,Orthodontic - Elastic,price_last,OK,
W-ES020-02,Color code #38 Elastic power chain closed - Cerulean,,Westlake,แพ็ค,Hangzhou Westlake Biomaterial,38.5,100.0,110.0,80.0,70.0,0.615,0.5188,0.45,PRICELIST_LEGACY,,,,,,,,Orthodontic - Elastic,price_last,OK,
W-ES020-03,Color code #38 Elastic power chain short - Cerulean,,Westlake,แพ็ค,Hangzhou Westlake Biomaterial,38.5,100.0,110.0,80.0,70.0,0.615,0.5188,0.45,PRICELIST_LEGACY,,,,,,,,Orthodontic - Elastic,price_last,OK,
W-ES021-01,Color code #21 O-ring color - Navy,,Westlake,แพ็ค,Hangzhou Westlake Biomaterial,29.75,100.0,110.0,70.0,50.0,0.7025,0.5750000000000001,0.405,PRICELIST_LEGACY,,,,,,,,Orthodontic - Elastic,price_last,OK,
W-ES021-02,Color code #28 Elastic power chain closed - Water,,Westlake,แพ็ค,Hangzhou Westlake Biomaterial,38.5,100.0,110.0,80.0,70.0,0.615,0.5188,0.45,PRICELIST_LEGACY,,,,,,,,Orthodontic - Elastic,price_last,OK,
W-ES021-03,Color code #28 Elastic power chain short - Water,,Westlake,แพ็ค,Hangzhou Westlake Biomaterial,38.5,100.0,110.0,80.0,70.0,0.615,0.5188,0.45,PRICELIST_LEGACY,,,,,,,,Orthodontic - Elastic,price_last,OK,
W-ES022-01,Color code #20 O-ring color - Sapphire,,Westlake,แพ็ค,Hangzhou Westlake Biomaterial,29.75,100.0,110.0,70.0,50.0,0.7025,0.5750000000000001,0.405,PRICELIST_LEGACY,,,,,,,,Orthodontic - Elastic,price_last,OK,
W-ES022-02,Color code #31 Elastic power chain closed - Pacific,,Westlake,แพ็ค,Hangzhou Westlake Biomaterial,38.5,100.0,110.0,80.0,70.0,0.615,0.5188,0.45,PRICELIST_LEGACY,,,,,,,,Orthodontic - Elastic,price_last,OK,
W-ES022-03,Color code #31 Elastic power chain short - Pacific,,Westlake,แพ็ค,Hangzhou Westlake Biomaterial,38.5,100.0,110.0,80.0,70.0,0.615,0.5188,0.45,PRICELIST_LEGACY,,,,,,,,Orthodontic - Elastic,price_last,OK,
W-ES023-01,Color code #22 O-ring color - Royal blue,,Westlake,แพ็ค,Hangzhou Westlake Biomaterial,29.75,100.0,110.0,70.0,50.0,0.7025,0.5750000000000001,0.405,PRICELIST_LEGACY,,,,,,,,Orthodontic - Elastic,price_last,OK,
W-ES023-02,Color code #17 Elastic power chain closed - Baby blue,,Westlake,แพ็ค,Hangzhou Westlake Biomaterial,38.5,100.0,110.0,80.0,70.0,0.615,0.5188,0.45,PRICELIST_LEGACY,,,,,,,,Orthodontic - Elastic,price_last,OK,
W-ES023-03,Color code #17 Elastic power chain short - Baby blue,,Westlake,แพ็ค,Hangzhou Westlake Biomaterial,38.5,100.0,110.0,80.0,70.0,0.615,0.5188,0.45,PRICELIST_LEGACY,,,,,,,,Orthodontic - Elastic,price_last,OK,
W-ES024-01,Color code #47 O-ring color - Pool,,Westlake,แพ็ค,Hangzhou Westlake Biomaterial,29.75,100.0,110.0,70.0,50.0,0.7025,0.5750000000000001,0.405,PRICELIST_LEGACY,,,,,,,,Orthodontic - Elastic,price_last,OK,
W-ES024-02,Color code #18 Elastic power chain closed - Clear blue,,Westlake,แพ็ค,Hangzhou Westlake Biomaterial,38.5,100.0,110.0,80.0,70.0,0.615,0.5188,0.45,PRICELIST_LEGACY,,,,,,,,Orthodontic - Elastic,price_last,OK,
W-ES024-03,Color code #18 Elastic power chain short - Clear blue,,Westlake,แพ็ค,Hangzhou Westlake Biomaterial,38.5,100.0,110.0,80.0,70.0,0.615,0.5188,0.45,PRICELIST_LEGACY,,,,,,,,Orthodontic - Elastic,price_last,OK,
W-ES025-01,Color code #38 O-ring color - Cerulean,,Westlake,แพ็ค,Hangzhou Westlake Biomaterial,29.75,100.0,110.0,70.0,50.0,0.7025,0.5750000000000001,0.405,PRICELIST_LEGACY,,,,,,,,Orthodontic - Elastic,price_last,OK,
W-ES025-02,Color code #23 Elastic power chain closed - Eggplant,,Westlake,แพ็ค,Hangzhou Westlake Biomaterial,38.5,100.0,110.0,80.0,70.0,0.615,0.5188,0.45,PRICELIST_LEGACY,,,,,,,,Orthodontic - Elastic,price_last,OK,
W-ES025-03,Color code #23 Elastic power chain short - Eggplant,,Westlake,แพ็ค,Hangzhou Westlake Biomaterial,38.5,100.0,110.0,80.0,70.0,0.615,0.5188,0.45,PRICELIST_LEGACY,,,,,,,,Orthodontic - Elastic,price_last,OK,
W-ES026-01,Color code #28 O-ring color - Water,,Westlake,แพ็ค,Hangzhou Westlake Biomaterial,29.75,100.0,110.0,70.0,50.0,0.7025,0.5750000000000001,0.405,PRICELIST_LEGACY,,,,,,,,Orthodontic - Elastic,price_last,OK,
W-ES026-02,Color code #16 Elastic power chain closed - Violet,,Westlake,แพ็ค,Hangzhou Westlake Biomaterial,38.5,100.0,110.0,80.0,70.0,0.615,0.5188,0.45,PRICELIST_LEGACY,,,,,,,,Orthodontic - Elastic,price_last,OK,
W-ES026-03,Color code #16 Elastic power chain short - Violet,,Westlake,แพ็ค,Hangzhou Westlake Biomaterial,38.5,100.0,110.0,80.0,70.0,0.615,0.5188,0.45,PRICELIST_LEGACY,,,,,,,,Orthodontic - Elastic,price_last,OK,
W-ES027-01,Color code #31 O-ring color - Pacific,,Westlake,แพ็ค,Hangzhou Westlake Biomaterial,29.75,100.0,110.0,70.0,50.0,0.7025,0.5750000000000001,0.405,PRICELIST_LEGACY,,,,,,,,Orthodontic - Elastic,price_last,OK,
W-ES027-02,Color code #11 Elastic power chain closed - Dusty grape,,Westlake,แพ็ค,Hangzhou Westlake Biomaterial,38.5,100.0,110.0,80.0,70.0,0.615,0.5188,0.45,PRICELIST_LEGACY,,,,,,,,Orthodontic - Elastic,price_last,OK,
W-ES027-03,Color code #11 Elastic power chain short - Dusty grape,,Westlake,แพ็ค,Hangzhou Westlake Biomaterial,38.5,100.0,110.0,80.0,70.0,0.615,0.5188,0.45,PRICELIST_LEGACY,,,,,,,,Orthodontic - Elastic,price_last,OK,
W-ES028-01,Color code #17 O-ring color - Baby blue,,Westlake,แพ็ค,Hangzhou Westlake Biomaterial,29.75,100.0,110.0,70.0,50.0,0.7025,0.5750000000000001,0.405,PRICELIST_LEGACY,,,,,,,,Orthodontic - Elastic,price_last,OK,
W-ES028-02,Color code #10 Elastic power chain closed - Purple,,Westlake,แพ็ค,Hangzhou Westlake Biomaterial,38.5,100.0,110.0,80.0,70.0,0.615,0.5188,0.45,PRICELIST_LEGACY,,,,,,,,Orthodontic - Elastic,price_last,OK,
W-ES028-03,Color code #10 Elastic power chain short - Purple,,Westlake,แพ็ค,Hangzhou Westlake Biomaterial,38.5,100.0,110.0,80.0,70.0,0.615,0.5188,0.45,PRICELIST_LEGACY,,,,,,,,Orthodontic - Elastic,price_last,OK,
W-ES029-01,Color code #46 O-ring color - Light blue,,Westlake,แพ็ค,Hangzhou Westlake Biomaterial,29.75,100.0,110.0,70.0,50.0,0.7025,0.5750000000000001,0.405,PRICELIST_LEGACY,,,,,,,,Orthodontic - Elastic,price_last,OK,
W-ES029-02,Color code #34 Elastic power chain closed - Liac,,Westlake,แพ็ค,Hangzhou Westlake Biomaterial,38.5,100.0,110.0,80.0,70.0,0.615,0.5188,0.45,PRICELIST_LEGACY,,,,,,,,Orthodontic - Elastic,price_last,OK,
W-ES029-03,Color code #34 Elastic power chain short - Liac,,Westlake,แพ็ค,Hangzhou Westlake Biomaterial,38.5,100.0,110.0,80.0,70.0,0.615,0.5188,0.45,PRICELIST_LEGACY,,,,,,,,Orthodontic - Elastic,price_last,OK,
W-ES030-01,Color code #41 O-ring color - Neon blue,,Westlake,แพ็ค,Hangzhou Westlake Biomaterial,29.75,100.0,110.0,70.0,50.0,0.7025,0.5750000000000001,0.405,PRICELIST_LEGACY,,,,,,,,Orthodontic - Elastic,price_last,OK,
W-ES030-02,Color code #24 Elastic power chain closed - Light violet,,Westlake,แพ็ค,Hangzhou Westlake Biomaterial,38.5,100.0,110.0,80.0,70.0,0.615,0.5188,0.45,PRICELIST_LEGACY,,,,,,,,Orthodontic - Elastic,price_last,OK,
W-ES030-03,Color code #24 Elastic power chain short - Light violet,,Westlake,แพ็ค,Hangzhou Westlake Biomaterial,38.5,100.0,110.0,80.0,70.0,0.615,0.5188,0.45,PRICELIST_LEGACY,,,,,,,,Orthodontic - Elastic,price_last,OK,
W-ES031-01,Color code #18 O-ring color - Clear blue,,Westlake,แพ็ค,Hangzhou Westlake Biomaterial,29.75,100.0,110.0,70.0,50.0,0.7025,0.5750000000000001,0.405,PRICELIST_LEGACY,,,,,,,,Orthodontic - Elastic,price_last,OK,
W-ES031-02,Color code #07 Elastic power chain closed - Pink,,Westlake,แพ็ค,Hangzhou Westlake Biomaterial,38.5,100.0,110.0,80.0,70.0,0.615,0.5188,0.45,PRICELIST_LEGACY,,,,,,,,Orthodontic - Elastic,price_last,OK,
W-ES031-03,Color code #07 Elastic power chain short - Pink,,Westlake,แพ็ค,Hangzhou Westlake Biomaterial,38.5,100.0,110.0,80.0,70.0,0.615,0.5188,0.45,PRICELIST_LEGACY,,,,,,,,Orthodontic - Elastic,price_last,OK,
W-ES032-01,Color code #23 O-ring color - Eggplant,,Westlake,แพ็ค,Hangzhou Westlake Biomaterial,29.75,100.0,110.0,70.0,50.0,0.7025,0.5750000000000001,0.405,PRICELIST_LEGACY,,,,,,,,Orthodontic - Elastic,price_last,OK,
W-ES032-02,Color code #08 Elastic power chain closed - Hot pink,,Westlake,แพ็ค,Hangzhou Westlake Biomaterial,38.5,100.0,110.0,80.0,70.0,0.615,0.5188,0.45,PRICELIST_LEGACY,,,,,,,,Orthodontic - Elastic,price_last,OK,
W-ES032-03,Color code #08 Elastic power chain short - Hot pink,,Westlake,แพ็ค,Hangzhou Westlake Biomaterial,38.5,100.0,110.0,80.0,70.0,0.615,0.5188,0.45,PRICELIST_LEGACY,,,,,,,,Orthodontic - Elastic,price_last,OK,
W-ES033-01,Color code #16 O-ring color - Violet,,Westlake,แพ็ค,Hangzhou Westlake Biomaterial,29.75,100.0,110.0,70.0,50.0,0.7025,0.5750000000000001,0.405,PRICELIST_LEGACY,,,,,,,,Orthodontic - Elastic,price_last,OK,
W-ES033-02,Color code #09 Elastic power chain closed - Baby pink,,Westlake,แพ็ค,Hangzhou Westlake Biomaterial,38.5,100.0,110.0,80.0,70.0,0.615,0.5188,0.45,PRICELIST_LEGACY,,,,,,,,Orthodontic - Elastic,price_last,OK,
W-ES033-03,Color code #09 Elastic power chain short - Baby pink,,Westlake,แพ็ค,Hangzhou Westlake Biomaterial,38.5,100.0,110.0,80.0,70.0,0.615,0.5188,0.45,PRICELIST_LEGACY,,,,,,,,Orthodontic - Elastic,price_last,OK,
W-ES034-01,Color code #49 O-ring color - Purple taupe,,Westlake,แพ็ค,Hangzhou Westlake Biomaterial,29.75,100.0,110.0,70.0,50.0,0.7025,0.5750000000000001,0.405,PRICELIST_LEGACY,,,,,,,,Orthodontic - Elastic,price_last,OK,
W-ES034-02,Color code #42 Elastic power chain closed - Neon pink,,Westlake,แพ็ค,Hangzhou Westlake Biomaterial,38.5,100.0,110.0,80.0,70.0,0.615,0.5188,0.45,PRICELIST_LEGACY,,,,,,,,Orthodontic - Elastic,price_last,OK,
W-ES034-03,Color code #42 Elastic power chain short - Neon pink,,Westlake,แพ็ค,Hangzhou Westlake Biomaterial,38.5,100.0,110.0,80.0,70.0,0.615,0.5188,0.45,PRICELIST_LEGACY,,,,,,,,Orthodontic - Elastic,price_last,OK,
W-ES035-01,Color code #11 O-ring color - Dusty grape,,Westlake,แพ็ค,Hangzhou Westlake Biomaterial,29.75,100.0,110.0,70.0,50.0,0.7025,0.5750000000000001,0.405,PRICELIST_LEGACY,,,,,,,,Orthodontic - Elastic,price_last,OK,
W-ES035-02,Color code #19 Elastic power chain closed - Black,,Westlake,แพ็ค,Hangzhou Westlake Biomaterial,38.5,100.0,110.0,80.0,70.0,0.615,0.5188,0.45,PRICELIST_LEGACY,,,,,,,,Orthodontic - Elastic,price_last,OK,
W-ES035-03,Color code #19 Elastic power chain short - Black,,Westlake,แพ็ค,Hangzhou Westlake Biomaterial,38.5,100.0,110.0,80.0,70.0,0.615,0.5188,0.45,PRICELIST_LEGACY,,,,,,,,Orthodontic - Elastic,price_last,OK,
W-ES036-01,Color code #10 O-ring color - Purple,,Westlake,แพ็ค,Hangzhou Westlake Biomaterial,29.75,100.0,110.0,70.0,50.0,0.7025,0.5750000000000001,0.405,PRICELIST_LEGACY,,,,,,,,Orthodontic - Elastic,price_last,OK,
W-ES036-02,Color code #06 Elastic power chain closed - Grey,,Westlake,แพ็ค,Hangzhou Westlake Biomaterial,38.5,100.0,110.0,80.0,70.0,0.615,0.5188,0.45,PRICELIST_LEGACY,,,,,,,,Orthodontic - Elastic,price_last,OK,
W-ES036-03,Color code #06 Elastic power chain short - Grey,,Westlake,แพ็ค,Hangzhou Westlake Biomaterial,38.5,100.0,110.0,80.0,70.0,0.615,0.5188,0.45,PRICELIST_LEGACY,,,,,,,,Orthodontic - Elastic,price_last,OK,
W-ES037-01,Color code #45 O-ring color - Lavender,,Westlake,แพ็ค,Hangzhou Westlake Biomaterial,29.75,100.0,110.0,70.0,50.0,0.7025,0.5750000000000001,0.405,PRICELIST_LEGACY,,,,,,,,Orthodontic - Elastic,price_last,OK,
W-ES037-02,Color code #25 Elastic power chain closed - White,,Westlake,แพ็ค,Hangzhou Westlake Biomaterial,38.5,100.0,110.0,80.0,70.0,0.615,0.5188,0.45,PRICELIST_LEGACY,,,,,,,,Orthodontic - Elastic,price_last,OK,
W-ES037-03,Color code #25 Elastic power chain short - White,,Westlake,แพ็ค,Hangzhou Westlake Biomaterial,38.5,100.0,110.0,80.0,70.0,0.615,0.5188,0.45,PRICELIST_LEGACY,,,,,,,,Orthodontic - Elastic,price_last,OK,
W-ES038-01,Color code #34 O-ring color - Liac,,Westlake,แพ็ค,Hangzhou Westlake Biomaterial,29.75,100.0,110.0,70.0,50.0,0.7025,0.5750000000000001,0.405,PRICELIST_LEGACY,,,,,,,,Orthodontic - Elastic,price_last,OK,
W-ES038-02,Color code #27 Elastic power chain closed - Clear,,Westlake,แพ็ค,Hangzhou Westlake Biomaterial,38.5,100.0,110.0,80.0,70.0,0.615,0.5188,0.45,PRICELIST_LEGACY,,,,,,,,Orthodontic - Elastic,price_last,OK,
W-ES038-03,Color code #27 Elastic power chain short - Clear,,Westlake,แพ็ค,Hangzhou Westlake Biomaterial,38.5,100.0,110.0,80.0,70.0,0.615,0.5188,0.45,PRICELIST_LEGACY,,,,,,,,Orthodontic - Elastic,price_last,OK,
W-ES039-01,Color code #24 O-ring color -Light violet,,Westlake,แพ็ค,Hangzhou Westlake Biomaterial,29.75,100.0,110.0,70.0,50.0,0.7025,0.5750000000000001,0.405,PRICELIST_LEGACY,,,,,,,,Orthodontic - Elastic,price_last,OK,
W-ES039-02,Color code #40 Elastic power chain closed - Gloss clear,,Westlake,แพ็ค,Hangzhou Westlake Biomaterial,38.5,100.0,110.0,80.0,70.0,0.615,0.5188,0.45,PRICELIST_LEGACY,,,,,,,,Orthodontic - Elastic,price_last,OK,
W-ES039-03,Color code #40 Elastic power chain short - Gloss clear,,Westlake,แพ็ค,Hangzhou Westlake Biomaterial,38.5,100.0,110.0,80.0,70.0,0.615,0.5188,0.45,PRICELIST_LEGACY,,,,,,,,Orthodontic - Elastic,price_last,OK,
W-ES040-01,Color code #43 O-ring color - Light purple,,Westlake,แพ็ค,Hangzhou Westlake Biomaterial,29.75,100.0,110.0,70.0,50.0,0.7025,0.5750000000000001,0.405,PRICELIST_LEGACY,,,,,,,,Orthodontic - Elastic,price_last,OK,
W-ES041-01,Color code #07 O-ring color - Pink,,Westlake,แพ็ค,Hangzhou Westlake Biomaterial,29.75,100.0,110.0,70.0,50.0,0.7025,0.5750000000000001,0.405,PRICELIST_LEGACY,,,,,,,,Orthodontic - Elastic,price_last,OK,
W-ES042-01,Color code #08 O-ring color - Hot pink,,Westlake,แพ็ค,Hangzhou Westlake Biomaterial,29.75,100.0,110.0,70.0,50.0,0.7025,0.5750000000000001,0.405,PRICELIST_LEGACY,,,,,,,,Orthodontic - Elastic,price_last,OK,
W-ES043-01,Color code #09 O-ring color - Baby pink,,Westlake,แพ็ค,Hangzhou Westlake Biomaterial,29.75,100.0,110.0,70.0,50.0,0.7025,0.5750000000000001,0.405,PRICELIST_LEGACY,,,,,,,,Orthodontic - Elastic,price_last,OK,
W-ES044-01,Color code #42 O-ring color - Neon pink,,Westlake,แพ็ค,Hangzhou Westlake Biomaterial,29.75,100.0,110.0,70.0,50.0,0.7025,0.5750000000000001,0.405,PRICELIST_LEGACY,,,,,,,,Orthodontic - Elastic,price_last,OK,
W-ES045-01,Color code #19 O-ring color - Black,,Westlake,แพ็ค,Hangzhou Westlake Biomaterial,29.75,100.0,110.0,70.0,50.0,0.7025,0.5750000000000001,0.405,PRICELIST_LEGACY,,,,,,,,Orthodontic - Elastic,price_last,OK,
W-ES046-01,Color code #06 O-ring color - Grey,,Westlake,แพ็ค,Hangzhou Westlake Biomaterial,29.75,100.0,110.0,70.0,50.0,0.7025,0.5750000000000001,0.405,PRICELIST_LEGACY,,,,,,,,Orthodontic - Elastic,price_last,OK,
W-ES047-01,Color code #25 O-ring color - White,,Westlake,แพ็ค,Hangzhou Westlake Biomaterial,29.75,100.0,110.0,70.0,50.0,0.7025,0.5750000000000001,0.405,PRICELIST_LEGACY,,,,,,,,Orthodontic - Elastic,price_last,OK,
W-ES048-01,Color code #27 O-ring color - Clear,,Westlake,แพ็ค,Hangzhou Westlake Biomaterial,29.75,100.0,110.0,70.0,50.0,0.7025,0.5750000000000001,0.405,PRICELIST_LEGACY,,,,,,,,Orthodontic - Elastic,price_last,OK,
W-ES049-01,Color code #40 O-ring color - Gloss clear,,Westlake,แพ็ค,Hangzhou Westlake Biomaterial,29.75,100.0,110.0,70.0,50.0,0.7025,0.5750000000000001,0.405,PRICELIST_LEGACY,,,,,,,,Orthodontic - Elastic,price_last,OK,
,Orthodontic Adhesive--Etchant (5ml),ADHESIVE,Westlake,,,,80.0,90.0,,,,,,PRICELIST_LEGACY,,,,,,,,Orthodontic-Wire&Orther,price_last,PENDING_COST,ยังไม่มีต้นทุน คำนวณ Dealer/Last ไม่ได้
,Orthodontic Adhesive-Light cure (Full package) Green glue,ADHESIVE,Westlake,,,,2000.0,2200.0,,,,,,PRICELIST_LEGACY,,,,,,,,Orthodontic-Wire&Orther,price_last,PENDING_COST,ยังไม่มีต้นทุน คำนวณ Dealer/Last ไม่ได้
,Orthodontic Adhesive-Light cure (Full package) bonding,ADHESIVE,Westlake,,,,1250.0,1400.0,,,,,,PRICELIST_LEGACY,,,,,,,,Orthodontic-Wire&Orther,price_last,PENDING_COST,ยังไม่มีต้นทุน คำนวณ Dealer/Last ไม่ได้
,Orthodontic Adhesive-Light cure (Green glue paste),ADHESIVE,Westlake,,,,800.0,880.0,,,,,,PRICELIST_LEGACY,,,,,,,,Orthodontic-Wire&Orther,price_last,PENDING_COST,ยังไม่มีต้นทุน คำนวณ Dealer/Last ไม่ได้
,Orthodontic Adhesive-Light cure (Green glue primer),ADHESIVE,Westlake,,,,380.0,420.0,,,,,,PRICELIST_LEGACY,,,,,,,,Orthodontic-Wire&Orther,price_last,PENDING_COST,ยังไม่มีต้นทุน คำนวณ Dealer/Last ไม่ได้
,Orthodontic Adhesive-Light cure (Mini package) bonding,ADHESIVE,Westlake,,,,800.0,880.0,,,,,,PRICELIST_LEGACY,,,,,,,,Orthodontic-Wire&Orther,price_last,PENDING_COST,ยังไม่มีต้นทุน คำนวณ Dealer/Last ไม่ได้
,Orthodontic Adhesive-Light cure (cement) Blue glue,ADHESIVE,Westlake,,,,650.0,720.0,,,,,,PRICELIST_LEGACY,,,,,,,,Orthodontic-Wire&Orther,price_last,PENDING_COST,ยังไม่มีต้นทุน คำนวณ Dealer/Last ไม่ได้
,Orthodontic Adhesive-Light cure (full kit) Blue glue,ADHESIVE,Westlake,,,,800.0,880.0,,,,,,PRICELIST_LEGACY,,,,,,,,Orthodontic-Wire&Orther,price_last,PENDING_COST,ยังไม่มีต้นทุน คำนวณ Dealer/Last ไม่ได้
,"Kobayashi, Long (0.014""/ 15.5 cm) - 200 pcs/bag",ARCHWIRE,Westlake,,,,1500.0,1700.0,,,,,,PRICELIST_LEGACY,,,,,,,,Orthodontic-Wire&Orther,price_last,PENDING_COST,ยังไม่มีต้นทุน คำนวณ Dealer/Last ไม่ได้
,Ligature wire (0.20 mm) - 100 g/roll,ARCHWIRE,Westlake,,,,400.0,440.0,,,,,,PRICELIST_LEGACY,,,,,,,,Orthodontic-Wire&Orther,price_last,PENDING_COST,ยังไม่มีต้นทุน คำนวณ Dealer/Last ไม่ได้
,Ligature wire (0.30 mm)) - 30 g/roll,ARCHWIRE,Westlake,,,,180.0,200.0,,,,,,PRICELIST_LEGACY,,,,,,,,Orthodontic-Wire&Orther,price_last,PENDING_COST,ยังไม่มีต้นทุน คำนวณ Dealer/Last ไม่ได้
,"Ligature wire (dia 0.012"") - 5 m/roll",ARCHWIRE,Westlake,,,,100.0,110.0,,,,,,PRICELIST_LEGACY,,,,,,,,Orthodontic-Wire&Orther,price_last,PENDING_COST,ยังไม่มีต้นทุน คำนวณ Dealer/Last ไม่ได้
,Ni-Ti กลม,ARCHWIRE,Westlake,,,,65.0,70.0,,,,,,PRICELIST_LEGACY,,,,20 free 2 ; 50 free 10 ; 100 free 30,,,,Orthodontic-Wire&Orther,price_last,PENDING_COST,ยังไม่มีต้นทุน คำนวณ Dealer/Last ไม่ได้
,Ni-Ti กลม (Reverse curve),ARCHWIRE,Westlake,,,,55.0,60.0,,,,,,PRICELIST_LEGACY,,,,20 free 2 ; 50 free 10 ; 100 free 30,,,,Orthodontic-Wire&Orther,price_last,PENDING_COST,ยังไม่มีต้นทุน คำนวณ Dealer/Last ไม่ได้
,Ni-Ti เหลี่ยม,ARCHWIRE,Westlake,,,,90.0,100.0,,,,,,PRICELIST_LEGACY,,,,20 free 2 ; 50 free 10 ; 100 free 30,,,,Orthodontic-Wire&Orther,price_last,PENDING_COST,ยังไม่มีต้นทุน คำนวณ Dealer/Last ไม่ได้
,Ni-Ti เหลี่ยม (Reverse curve),ARCHWIRE,Westlake,,,,100.0,110.0,,,,,,PRICELIST_LEGACY,,,,20 free 2 ; 50 free 10 ; 100 free 30,,,,Orthodontic-Wire&Orther,price_last,PENDING_COST,ยังไม่มีต้นทุน คำนวณ Dealer/Last ไม่ได้
,SS Straightwire กลม,ARCHWIRE,Westlake,,,,200.0,220.0,,,,,,PRICELIST_LEGACY,,,,,,,,Orthodontic-Wire&Orther,price_last,PENDING_COST,ยังไม่มีต้นทุน คำนวณ Dealer/Last ไม่ได้
,SS Straightwire เหลี่ยม,ARCHWIRE,Westlake,,,,230.0,250.0,,,,,,PRICELIST_LEGACY,,,,,,,,Orthodontic-Wire&Orther,price_last,PENDING_COST,ยังไม่มีต้นทุน คำนวณ Dealer/Last ไม่ได้
,SS กลม,ARCHWIRE,Westlake,,,,55.0,60.0,,,,,,PRICELIST_LEGACY,,,,20 free 2 ; 50 free 10 ; 100 free 30,,,,Orthodontic-Wire&Orther,price_last,PENDING_COST,ยังไม่มีต้นทุน คำนวณ Dealer/Last ไม่ได้
,100 Series Roth bracket,BRACKET,Westlake,,,,200.0,220.0,,,,,,PRICELIST_LEGACY,,,,50 free 5 ; 100 free 20 ; 200 free 50 ; 500 free 150,,,,Orthodontic-Wire&Orther,price_last,PENDING_COST,ยังไม่มีต้นทุน คำนวณ Dealer/Last ไม่ได้
,300 Series ROTH bracket,BRACKET,Westlake,,,,350.0,390.0,,,,,,PRICELIST_LEGACY,,,,50 free 5 ; 100 free 20 ; 200 free 50 ; 500 free 150,,,,Orthodontic-Wire&Orther,price_last,PENDING_COST,ยังไม่มีต้นทุน คำนวณ Dealer/Last ไม่ได้
,500 Series Roth bracket,BRACKET,Westlake,,,,490.0,540.0,,,,,,PRICELIST_LEGACY,,,,50 free 5 ; 100 free 20 ; 200 free 50 ; 500 free 150,,,,Orthodontic-Wire&Orther,price_last,PENDING_COST,ยังไม่มีต้นทุน คำนวณ Dealer/Last ไม่ได้
,Buccal tube-Single Rect -Non convertible,BUCCAL TUBE,Westlake,,,,350.0,390.0,,,,,,PRICELIST_LEGACY,,,,10 free 1 ; 25 free 3 ; 50 free 7 ; 100 free 20,,,,Orthodontic-Wire&Orther,price_last,PENDING_COST,ยังไม่มีต้นทุน คำนวณ Dealer/Last ไม่ได้
,Buccal tube-Single Rect Convertible,BUCCAL TUBE,Westlake,,,,420.0,460.0,,,,,,PRICELIST_LEGACY,,,,10 free 1 ; 25 free 3 ; 50 free 7 ; 100 free 20,,,,Orthodontic-Wire&Orther,price_last,PENDING_COST,ยังไม่มีต้นทุน คำนวณ Dealer/Last ไม่ได้
,Activity Crimpable Hook (Left & Right hook) (5 pcs + 5 pcs),HOOK,Westlake,,,,600.0,660.0,,,,,,PRICELIST_LEGACY,,,,3 free 1,,,,Orthodontic-Wire&Orther,price_last,PENDING_COST,ยังไม่มีต้นทุน คำนวณ Dealer/Last ไม่ได้
,Activity Crimpable Hook (No hook),HOOK,Westlake,,,,500.0,550.0,,,,,,PRICELIST_LEGACY,,,,3 free 1,,,,Orthodontic-Wire&Orther,price_last,PENDING_COST,ยังไม่มีต้นทุน คำนวณ Dealer/Last ไม่ได้
,Activity Crimpable Hook (Straight hook) (10 pcs),HOOK,Westlake,,,,500.0,550.0,,,,,,PRICELIST_LEGACY,,,,3 free 1,,,,Orthodontic-Wire&Orther,price_last,PENDING_COST,ยังไม่มีต้นทุน คำนวณ Dealer/Last ไม่ได้
,Archwire Stop (Square),HOOK,Westlake,,,,200.0,220.0,,,,,,PRICELIST_LEGACY,,,,5 free 1,,,,Orthodontic-Wire&Orther,price_last,PENDING_COST,ยังไม่มีต้นทุน คำนวณ Dealer/Last ไม่ได้
,Bondable Lingual pulling ring (10 pcs),HOOK,Westlake,,,,240.0,260.0,,,,,,PRICELIST_LEGACY,,,,5 free 1,,,,Orthodontic-Wire&Orther,price_last,PENDING_COST,ยังไม่มีต้นทุน คำนวณ Dealer/Last ไม่ได้
,Bondable lingual button (10 pcs),HOOK,Westlake,,,,160.0,180.0,,,,,,PRICELIST_LEGACY,,,,5 free 1,,,,Orthodontic-Wire&Orther,price_last,PENDING_COST,ยังไม่มีต้นทุน คำนวณ Dealer/Last ไม่ได้
,Crimpable Hook (Round),HOOK,Westlake,,,,220.0,240.0,,,,,,PRICELIST_LEGACY,,,,5 free 1,,,,Orthodontic-Wire&Orther,price_last,PENDING_COST,ยังไม่มีต้นทุน คำนวณ Dealer/Last ไม่ได้
,Crimpable Hook (Square),HOOK,Westlake,,,,220.0,240.0,,,,,,PRICELIST_LEGACY,,,,5 free 1,,,,Orthodontic-Wire&Orther,price_last,PENDING_COST,ยังไม่มีต้นทุน คำนวณ Dealer/Last ไม่ได้
,Implant Crimpable Hook (Square),HOOK,Westlake,,,,200.0,220.0,,,,,,PRICELIST_LEGACY,,,,5 free 1,,,,Orthodontic-Wire&Orther,price_last,PENDING_COST,ยังไม่มีต้นทุน คำนวณ Dealer/Last ไม่ได้
,Coating glass mirror (Type A) - Double coated,Plier,Westlake,,,,9000.0,9900.0,,,,,,PRICELIST_LEGACY,,,,,,,,Orthodontic-Wire&Orther,price_last,PENDING_COST,ยังไม่มีต้นทุน คำนวณ Dealer/Last ไม่ได้
,Stainless steel mouth inner view finder (Combined large),Plier,Westlake,,,,1400.0,1500.0,,,,,,PRICELIST_LEGACY,,,,,,,,Orthodontic-Wire&Orther,price_last,PENDING_COST,ยังไม่มีต้นทุน คำนวณ Dealer/Last ไม่ได้
,Stainless steel mouth inner view finder (Combined small),Plier,Westlake,,,,1200.0,1300.0,,,,,,PRICELIST_LEGACY,,,,,,,,Orthodontic-Wire&Orther,price_last,PENDING_COST,ยังไม่มีต้นทุน คำนวณ Dealer/Last ไม่ได้
,Stainless steel mouth inner view finder (Large),Plier,Westlake,,,,1000.0,1100.0,,,,,,PRICELIST_LEGACY,,,,,,,,Orthodontic-Wire&Orther,price_last,PENDING_COST,ยังไม่มีต้นทุน คำนวณ Dealer/Last ไม่ได้
,Stainless steel mouth inner view finder (Side),Plier,Westlake,,,,1000.0,1100.0,,,,,,PRICELIST_LEGACY,,,,,,,,Orthodontic-Wire&Orther,price_last,PENDING_COST,ยังไม่มีต้นทุน คำนวณ Dealer/Last ไม่ได้
,Stainless steel mouth inner view finder (Small),Plier,Westlake,,,,1000.0,1100.0,,,,,,PRICELIST_LEGACY,,,,,,,,Orthodontic-Wire&Orther,price_last,PENDING_COST,ยังไม่มีต้นทุน คำนวณ Dealer/Last ไม่ได้
,Cheeek retractor (Large),RETRACTOR,Westlake,,,,250.0,280.0,,,,,,PRICELIST_LEGACY,,,,,,,,Orthodontic-Wire&Orther,price_last,PENDING_COST,ยังไม่มีต้นทุน คำนวณ Dealer/Last ไม่ได้
,Cheeek retractor (Medium),RETRACTOR,Westlake,,,,250.0,280.0,,,,,,PRICELIST_LEGACY,,,,,,,,Orthodontic-Wire&Orther,price_last,PENDING_COST,ยังไม่มีต้นทุน คำนวณ Dealer/Last ไม่ได้
,Cheeek retractor (Small),RETRACTOR,Westlake,,,,250.0,280.0,,,,,,PRICELIST_LEGACY,,,,,,,,Orthodontic-Wire&Orther,price_last,PENDING_COST,ยังไม่มีต้นทุน คำนวณ Dealer/Last ไม่ได้
,Lip Retractor Large,RETRACTOR,Westlake,,,,180.0,200.0,,,,,,PRICELIST_LEGACY,,,,,,,,Orthodontic-Wire&Orther,price_last,PENDING_COST,ยังไม่มีต้นทุน คำนวณ Dealer/Last ไม่ได้
,Lip Retractor Small,RETRACTOR,Westlake,,,,180.0,200.0,,,,,,PRICELIST_LEGACY,,,,,,,,Orthodontic-Wire&Orther,price_last,PENDING_COST,ยังไม่มีต้นทุน คำนวณ Dealer/Last ไม่ได้
,Photo Cheek Retractor,RETRACTOR,Westlake,,,,125.0,140.0,,,,,,PRICELIST_LEGACY,,,,,,,,Orthodontic-Wire&Orther,price_last,PENDING_COST,ยังไม่มีต้นทุน คำนวณ Dealer/Last ไม่ได้
R-TI001-01,Scaler tip Satelec Scaling GD1,Scaler tips,Refine,ชิ้น,Guilin Refine Medical Instrument,56.0,315.0,350.0,230.0,100.0,0.8222,0.7565000000000001,0.44,PRICELIST_LEGACY,,,BUY 5 FREE 1 / BUY 10 FREE 3 / BUY 30 FREE 12 — ขัดกับ price list เดิมที่ระบุ 5 Free 2 / 10 Free 6 / 30 Free 20,5 Free 2 ; 10 Free 6 ; 30 Free 20,5.0,1.0,p.19,Scaler Tips-Refine,price_last,OK,
R-TI002-01,Scaler tip Satelec Scaling GD2,Scaler tips,Refine,ชิ้น,Guilin Refine Medical Instrument,56.0,315.0,350.0,230.0,100.0,0.8222,0.7565000000000001,0.44,PRICELIST_LEGACY,,,BUY 5 FREE 1 / BUY 10 FREE 3 / BUY 30 FREE 12 — ขัดกับ price list เดิมที่ระบุ 5 Free 2 / 10 Free 6 / 30 Free 20,5 Free 2 ; 10 Free 6 ; 30 Free 20,5.0,1.0,p.19,Scaler Tips-Refine,price_last,OK,
R-TI003-01,Scaler tip Satelec Scaling GD3,Scaler tips,Refine,ชิ้น,Guilin Refine Medical Instrument,87.5,315.0,350.0,230.0,150.0,0.7222000000000001,0.6196,0.4167,PRICELIST_LEGACY,,,BUY 5 FREE 1 / BUY 10 FREE 3 / BUY 30 FREE 12 — ขัดกับ price list เดิมที่ระบุ 5 Free 2 / 10 Free 6 / 30 Free 20,5 Free 2 ; 10 Free 6 ; 30 Free 20,5.0,1.0,p.19,Scaler Tips-Refine,price_last,OK,
R-TI004-01,Scaler tip Satelec Scaling GD4,Scaler tips,Refine,ชิ้น,Guilin Refine Medical Instrument,87.5,315.0,350.0,230.0,150.0,0.7222000000000001,0.6196,0.4167,PRICELIST_LEGACY,,,BUY 5 FREE 1 / BUY 10 FREE 3 / BUY 30 FREE 12 — ขัดกับ price list เดิมที่ระบุ 5 Free 2 / 10 Free 6 / 30 Free 20,5 Free 2 ; 10 Free 6 ; 30 Free 20,5.0,1.0,p.19,Scaler Tips-Refine,price_last,OK,
R-TI005-01,Scaler tip Satelec Scaling GD5,Scaler tips,Refine,ชิ้น,Guilin Refine Medical Instrument,87.5,315.0,350.0,230.0,150.0,0.7222000000000001,0.6196,0.4167,PRICELIST_LEGACY,,,BUY 5 FREE 1 / BUY 10 FREE 3 / BUY 30 FREE 12 — ขัดกับ price list เดิมที่ระบุ 5 Free 2 / 10 Free 6 / 30 Free 20,5 Free 2 ; 10 Free 6 ; 30 Free 20,5.0,1.0,p.19,Scaler Tips-Refine,price_last,OK,
R-TI006-01,Scaler tip Satelec Scaling GD6,Scaler tips,Refine,ชิ้น,Guilin Refine Medical Instrument,87.5,315.0,350.0,230.0,150.0,0.7222000000000001,0.6196,0.4167,PRICELIST_LEGACY,,,BUY 5 FREE 1 / BUY 10 FREE 3 / BUY 30 FREE 12 — ขัดกับ price list เดิมที่ระบุ 5 Free 2 / 10 Free 6 / 30 Free 20,5 Free 2 ; 10 Free 6 ; 30 Free 20,5.0,1.0,p.19,Scaler Tips-Refine,price_last,OK,
R-TI007-01,Scaler tip Satelec Scaling GD7,Scaler tips,Refine,ชิ้น,Guilin Refine Medical Instrument,87.5,315.0,350.0,230.0,150.0,0.7222000000000001,0.6196,0.4167,PRICELIST_LEGACY,,,BUY 5 FREE 1 / BUY 10 FREE 3 / BUY 30 FREE 12 — ขัดกับ price list เดิมที่ระบุ 5 Free 2 / 10 Free 6 / 30 Free 20,5 Free 2 ; 10 Free 6 ; 30 Free 20,5.0,1.0,p.19,Scaler Tips-Refine,price_last,OK,
R-TI008-01,Scaler tip Satelec Scaling GD8,Scaler tips,Refine,ชิ้น,Guilin Refine Medical Instrument,87.5,315.0,350.0,230.0,150.0,0.7222000000000001,0.6196,0.4167,PRICELIST_LEGACY,,,BUY 5 FREE 1 / BUY 10 FREE 3 / BUY 30 FREE 12 — ขัดกับ price list เดิมที่ระบุ 5 Free 2 / 10 Free 6 / 30 Free 20,5 Free 2 ; 10 Free 6 ; 30 Free 20,5.0,1.0,p.19,Scaler Tips-Refine,price_last,OK,
R-TI009-01,Scaler tip Satelec Scaling GD9,Scaler tips,Refine,ชิ้น,Guilin Refine Medical Instrument,203.0,650.0,720.0,460.0,340.0,0.6877,0.5587,0.40290000000000004,PRICELIST_LEGACY,,,BUY 5 FREE 1 / BUY 10 FREE 3 / BUY 30 FREE 12 — ขัดกับ price list เดิมที่ระบุ 5 Free 2 / 10 Free 6 / 30 Free 20,5 Free 2 ; 10 Free 6 ; 30 Free 20,5.0,1.0,p.19,Scaler Tips-Refine,price_last,OK,
R-TI010-01,Scaler tip Satelec Scaling GD10,Scaler tips,Refine,ชิ้น,Guilin Refine Medical Instrument,203.0,650.0,720.0,460.0,340.0,0.6877,0.5587,0.40290000000000004,PRICELIST_LEGACY,,,BUY 5 FREE 1 / BUY 10 FREE 3 / BUY 30 FREE 12 — ขัดกับ price list เดิมที่ระบุ 5 Free 2 / 10 Free 6 / 30 Free 20,5 Free 2 ; 10 Free 6 ; 30 Free 20,5.0,1.0,p.19,Scaler Tips-Refine,price_last,OK,
R-TI011-01,Scaler tip Satelec Scaling GD12,Scaler tips,Refine,ชิ้น,Guilin Refine Medical Instrument,203.0,650.0,720.0,460.0,340.0,0.6877,0.5587,0.40290000000000004,PRICELIST_LEGACY,,,BUY 5 FREE 1 / BUY 10 FREE 3 / BUY 30 FREE 12 — ขัดกับ price list เดิมที่ระบุ 5 Free 2 / 10 Free 6 / 30 Free 20,5 Free 2 ; 10 Free 6 ; 30 Free 20,5.0,1.0,p.19,Scaler Tips-Refine,price_last,OK,
R-TI012-01,Scaler tip Satelec Scaling GD20,Scaler tips,Refine,ชิ้น,Guilin Refine Medical Instrument,297.5,1000.0,1100.0,700.0,500.0,0.7025,0.5750000000000001,0.405,PRICELIST_LEGACY,,,BUY 5 FREE 1 / BUY 10 FREE 3 / BUY 30 FREE 12 — ขัดกับ price list เดิมที่ระบุ 5 Free 2 / 10 Free 6 / 30 Free 20,5 Free 2 ; 10 Free 6 ; 30 Free 20,5.0,1.0,p.19,Scaler Tips-Refine,price_last,OK,
R-TI013-01,Scaler tip Satelec Scaling GD21,Scaler tips,Refine,ชิ้น,Guilin Refine Medical Instrument,297.5,1000.0,1100.0,700.0,500.0,0.7025,0.5750000000000001,0.405,PRICELIST_LEGACY,,,BUY 5 FREE 1 / BUY 10 FREE 3 / BUY 30 FREE 12 — ขัดกับ price list เดิมที่ระบุ 5 Free 2 / 10 Free 6 / 30 Free 20,5 Free 2 ; 10 Free 6 ; 30 Free 20,5.0,1.0,p.19,Scaler Tips-Refine,price_last,OK,
R-TI014-01,Scaler tip Satelec Scaling GD28,Scaler tips,Refine,ชิ้น,Guilin Refine Medical Instrument,140.0,500.0,550.0,350.0,240.0,0.72,0.6000000000000001,0.4167,PRICELIST_LEGACY,,,BUY 5 FREE 1 / BUY 10 FREE 3 / BUY 30 FREE 12 — ขัดกับ price list เดิมที่ระบุ 5 Free 2 / 10 Free 6 / 30 Free 20,5 Free 2 ; 10 Free 6 ; 30 Free 20,5.0,1.0,p.19,Scaler Tips-Refine,price_last,OK,
R-TI015-01,Scaler tip Satelec Scaling GD30,Scaler tips,Refine,ชิ้น,Guilin Refine Medical Instrument,297.5,1200.0,1300.0,840.0,500.0,0.7521,0.6458,0.405,PRICELIST_LEGACY,,,BUY 5 FREE 1 / BUY 10 FREE 3 / BUY 30 FREE 12 — ขัดกับ price list เดิมที่ระบุ 5 Free 2 / 10 Free 6 / 30 Free 20,5 Free 2 ; 10 Free 6 ; 30 Free 20,5.0,1.0,p.19,Scaler Tips-Refine,price_last,OK,
R-TI016-01,Scaler tip Satelec Scaling GD31,Scaler tips,Refine,ชิ้น,Guilin Refine Medical Instrument,297.5,1200.0,1300.0,840.0,500.0,0.7521,0.6458,0.405,PRICELIST_LEGACY,,,BUY 5 FREE 1 / BUY 10 FREE 3 / BUY 30 FREE 12 — ขัดกับ price list เดิมที่ระบุ 5 Free 2 / 10 Free 6 / 30 Free 20,5 Free 2 ; 10 Free 6 ; 30 Free 20,5.0,1.0,p.19,Scaler Tips-Refine,price_last,OK,
R-TI017-01,Scaler tip Satelec Scaling GD32,Scaler tips,Refine,ชิ้น,Guilin Refine Medical Instrument,297.5,1200.0,1300.0,840.0,500.0,0.7521,0.6458,0.405,PRICELIST_LEGACY,,,BUY 5 FREE 1 / BUY 10 FREE 3 / BUY 30 FREE 12 — ขัดกับ price list เดิมที่ระบุ 5 Free 2 / 10 Free 6 / 30 Free 20,5 Free 2 ; 10 Free 6 ; 30 Free 20,5.0,1.0,p.19,Scaler Tips-Refine,price_last,OK,
R-TI018-01,Scaler tip Satelec Scaling GD33,Scaler tips,Refine,ชิ้น,Guilin Refine Medical Instrument,297.5,1200.0,1300.0,840.0,500.0,0.7521,0.6458,0.405,PRICELIST_LEGACY,,,BUY 5 FREE 1 / BUY 10 FREE 3 / BUY 30 FREE 12 — ขัดกับ price list เดิมที่ระบุ 5 Free 2 / 10 Free 6 / 30 Free 20,5 Free 2 ; 10 Free 6 ; 30 Free 20,5.0,1.0,p.19,Scaler Tips-Refine,price_last,OK,
R-TI019-01,Scaler tip Satelec Periodontics PD1,Scaler tips,Refine,ชิ้น,Guilin Refine Medical Instrument,87.5,315.0,350.0,230.0,150.0,0.7222000000000001,0.6196,0.4167,PRICELIST_LEGACY,,,BUY 5 FREE 1 / BUY 10 FREE 3 / BUY 30 FREE 12 — ขัดกับ price list เดิมที่ระบุ 5 Free 2 / 10 Free 6 / 30 Free 20,5 Free 2 ; 10 Free 6 ; 30 Free 20,5.0,1.0,p.19,Scaler Tips-Refine,price_last,OK,
R-TI020-01,Scaler tip Satelec Periodontics PD2L,Scaler tips,Refine,ชิ้น,Guilin Refine Medical Instrument,175.0,500.0,550.0,350.0,300.0,0.65,0.5,0.4167,PRICELIST_LEGACY,,,BUY 5 FREE 1 / BUY 10 FREE 3 / BUY 30 FREE 12 — ขัดกับ price list เดิมที่ระบุ 5 Free 2 / 10 Free 6 / 30 Free 20,5 Free 2 ; 10 Free 6 ; 30 Free 20,5.0,1.0,p.19,Scaler Tips-Refine,price_last,OK,
R-TI021-01,Scaler tip Satelec Periodontics PD2R,Scaler tips,Refine,ชิ้น,Guilin Refine Medical Instrument,175.0,500.0,550.0,350.0,300.0,0.65,0.5,0.4167,PRICELIST_LEGACY,,,BUY 5 FREE 1 / BUY 10 FREE 3 / BUY 30 FREE 12 — ขัดกับ price list เดิมที่ระบุ 5 Free 2 / 10 Free 6 / 30 Free 20,5 Free 2 ; 10 Free 6 ; 30 Free 20,5.0,1.0,p.19,Scaler Tips-Refine,price_last,OK,
R-TI022-01,Scaler tip Satelec Periodontics PD2LD,Scaler tips,Refine,ชิ้น,Guilin Refine Medical Instrument,203.0,650.0,720.0,460.0,340.0,0.6877,0.5587,0.40290000000000004,PRICELIST_LEGACY,,,BUY 5 FREE 1 / BUY 10 FREE 3 / BUY 30 FREE 12 — ขัดกับ price list เดิมที่ระบุ 5 Free 2 / 10 Free 6 / 30 Free 20,5 Free 2 ; 10 Free 6 ; 30 Free 20,5.0,1.0,p.19,Scaler Tips-Refine,price_last,OK,
R-TI023-01,Scaler tip Satelec Periodontics PD2RD,Scaler tips,Refine,ชิ้น,Guilin Refine Medical Instrument,203.0,650.0,720.0,460.0,340.0,0.6877,0.5587,0.40290000000000004,PRICELIST_LEGACY,,,BUY 5 FREE 1 / BUY 10 FREE 3 / BUY 30 FREE 12 — ขัดกับ price list เดิมที่ระบุ 5 Free 2 / 10 Free 6 / 30 Free 20,5 Free 2 ; 10 Free 6 ; 30 Free 20,5.0,1.0,p.19,Scaler Tips-Refine,price_last,OK,
R-TI024-01,Scaler tip Satelec Periodontics PD3,Scaler tips,Refine,ชิ้น,Guilin Refine Medical Instrument,140.0,500.0,550.0,350.0,240.0,0.72,0.6000000000000001,0.4167,PRICELIST_LEGACY,,,BUY 5 FREE 1 / BUY 10 FREE 3 / BUY 30 FREE 12 — ขัดกับ price list เดิมที่ระบุ 5 Free 2 / 10 Free 6 / 30 Free 20,5 Free 2 ; 10 Free 6 ; 30 Free 20,5.0,1.0,p.19,Scaler Tips-Refine,price_last,OK,
R-TI025-01,Scaler tip Satelec Periodontics PD3D,Scaler tips,Refine,ชิ้น,Guilin Refine Medical Instrument,192.5,650.0,720.0,460.0,330.0,0.7038,0.5815,0.4167,PRICELIST_LEGACY,,,BUY 5 FREE 1 / BUY 10 FREE 3 / BUY 30 FREE 12 — ขัดกับ price list เดิมที่ระบุ 5 Free 2 / 10 Free 6 / 30 Free 20,5 Free 2 ; 10 Free 6 ; 30 Free 20,5.0,1.0,p.19,Scaler Tips-Refine,price_last,OK,
R-TI026-01,Scaler tip Satelec Periodontics PD4,Scaler tips,Refine,ชิ้น,Guilin Refine Medical Instrument,140.0,500.0,550.0,350.0,240.0,0.72,0.6000000000000001,0.4167,PRICELIST_LEGACY,,,BUY 5 FREE 1 / BUY 10 FREE 3 / BUY 30 FREE 12 — ขัดกับ price list เดิมที่ระบุ 5 Free 2 / 10 Free 6 / 30 Free 20,5 Free 2 ; 10 Free 6 ; 30 Free 20,5.0,1.0,p.19,Scaler Tips-Refine,price_last,OK,
R-TI027-01,Scaler tip Satelec Periodontics PD5,Scaler tips,Refine,ชิ้น,Guilin Refine Medical Instrument,175.0,500.0,550.0,350.0,300.0,0.65,0.5,0.4167,PRICELIST_LEGACY,,,BUY 5 FREE 1 / BUY 10 FREE 3 / BUY 30 FREE 12 — ขัดกับ price list เดิมที่ระบุ 5 Free 2 / 10 Free 6 / 30 Free 20,5 Free 2 ; 10 Free 6 ; 30 Free 20,5.0,1.0,p.19,Scaler Tips-Refine,price_last,OK,
R-TI028-01,Scaler tip Satelec Periodontics PD6,Scaler tips,Refine,ชิ้น,Guilin Refine Medical Instrument,175.0,500.0,550.0,350.0,300.0,0.65,0.5,0.4167,PRICELIST_LEGACY,,,BUY 5 FREE 1 / BUY 10 FREE 3 / BUY 30 FREE 12 — ขัดกับ price list เดิมที่ระบุ 5 Free 2 / 10 Free 6 / 30 Free 20,5 Free 2 ; 10 Free 6 ; 30 Free 20,5.0,1.0,p.19,Scaler Tips-Refine,price_last,OK,
R-TI029-01,Scaler tip Satelec Periodontics PD7,Scaler tips,Refine,ชิ้น,Guilin Refine Medical Instrument,175.0,500.0,550.0,350.0,300.0,0.65,0.5,0.4167,PRICELIST_LEGACY,,,BUY 5 FREE 1 / BUY 10 FREE 3 / BUY 30 FREE 12 — ขัดกับ price list เดิมที่ระบุ 5 Free 2 / 10 Free 6 / 30 Free 20,5 Free 2 ; 10 Free 6 ; 30 Free 20,5.0,1.0,p.19,Scaler Tips-Refine,price_last,OK,
R-TI030-01,Scaler tip Satelec Periodontics PD8,Scaler tips,Refine,ชิ้น,Guilin Refine Medical Instrument,175.0,500.0,550.0,350.0,300.0,0.65,0.5,0.4167,PRICELIST_LEGACY,,,BUY 5 FREE 1 / BUY 10 FREE 3 / BUY 30 FREE 12 — ขัดกับ price list เดิมที่ระบุ 5 Free 2 / 10 Free 6 / 30 Free 20,5 Free 2 ; 10 Free 6 ; 30 Free 20,5.0,1.0,p.19,Scaler Tips-Refine,price_last,OK,
R-TI031-01,Scaler tip Satelec Periodontics PD10,Scaler tips,Refine,ชิ้น,Guilin Refine Medical Instrument,175.0,500.0,550.0,350.0,300.0,0.65,0.5,0.4167,PRICELIST_LEGACY,,,BUY 5 FREE 1 / BUY 10 FREE 3 / BUY 30 FREE 12 — ขัดกับ price list เดิมที่ระบุ 5 Free 2 / 10 Free 6 / 30 Free 20,5 Free 2 ; 10 Free 6 ; 30 Free 20,5.0,1.0,p.19,Scaler Tips-Refine,price_last,OK,
R-TI032-01,Scaler tip Satelec Periodontics PD11,Scaler tips,Refine,ชิ้น,Guilin Refine Medical Instrument,175.0,500.0,550.0,350.0,300.0,0.65,0.5,0.4167,PRICELIST_LEGACY,,,BUY 5 FREE 1 / BUY 10 FREE 3 / BUY 30 FREE 12 — ขัดกับ price list เดิมที่ระบุ 5 Free 2 / 10 Free 6 / 30 Free 20,5 Free 2 ; 10 Free 6 ; 30 Free 20,5.0,1.0,p.19,Scaler Tips-Refine,price_last,OK,
R-TI033-01,Scaler tip Satelec Periodontics PD12,Scaler tips,Refine,ชิ้น,Guilin Refine Medical Instrument,175.0,500.0,550.0,350.0,300.0,0.65,0.5,0.4167,PRICELIST_LEGACY,,,BUY 5 FREE 1 / BUY 10 FREE 3 / BUY 30 FREE 12 — ขัดกับ price list เดิมที่ระบุ 5 Free 2 / 10 Free 6 / 30 Free 20,5 Free 2 ; 10 Free 6 ; 30 Free 20,5.0,1.0,p.19,Scaler Tips-Refine,price_last,OK,
R-TI034-01,Scaler tip Satelec Periodontics PD14L,Scaler tips,Refine,ชิ้น,Guilin Refine Medical Instrument,297.5,1200.0,1300.0,840.0,500.0,0.7521,0.6458,0.405,PRICELIST_LEGACY,,,BUY 5 FREE 1 / BUY 10 FREE 3 / BUY 30 FREE 12 — ขัดกับ price list เดิมที่ระบุ 5 Free 2 / 10 Free 6 / 30 Free 20,5 Free 2 ; 10 Free 6 ; 30 Free 20,5.0,1.0,p.19,Scaler Tips-Refine,price_last,OK,
R-TI035-01,Scaler tip Satelec Periodontics PD14R,Scaler tips,Refine,ชิ้น,Guilin Refine Medical Instrument,297.5,1200.0,1300.0,840.0,500.0,0.7521,0.6458,0.405,PRICELIST_LEGACY,,,BUY 5 FREE 1 / BUY 10 FREE 3 / BUY 30 FREE 12 — ขัดกับ price list เดิมที่ระบุ 5 Free 2 / 10 Free 6 / 30 Free 20,5 Free 2 ; 10 Free 6 ; 30 Free 20,5.0,1.0,p.19,Scaler Tips-Refine,price_last,OK,
R-TI036-01,Scaler tip Satelec Periodontics PD18,Scaler tips,Refine,ชิ้น,Guilin Refine Medical Instrument,175.0,500.0,550.0,350.0,300.0,0.65,0.5,0.4167,PRICELIST_LEGACY,,,BUY 5 FREE 1 / BUY 10 FREE 3 / BUY 30 FREE 12 — ขัดกับ price list เดิมที่ระบุ 5 Free 2 / 10 Free 6 / 30 Free 20,5 Free 2 ; 10 Free 6 ; 30 Free 20,5.0,1.0,p.19,Scaler Tips-Refine,price_last,OK,
R-TI037-01,Scaler tip Satelec Periodontics PD20,Scaler tips,Refine,ชิ้น,Guilin Refine Medical Instrument,175.0,500.0,550.0,350.0,300.0,0.65,0.5,0.4167,PRICELIST_LEGACY,,,BUY 5 FREE 1 / BUY 10 FREE 3 / BUY 30 FREE 12 — ขัดกับ price list เดิมที่ระบุ 5 Free 2 / 10 Free 6 / 30 Free 20,5 Free 2 ; 10 Free 6 ; 30 Free 20,5.0,1.0,p.19,Scaler Tips-Refine,price_last,OK,
R-TI038-01,Scaler tip Satelec Periodontics PD20L,Scaler tips,Refine,ชิ้น,Guilin Refine Medical Instrument,297.5,1200.0,1300.0,840.0,500.0,0.7521,0.6458,0.405,PRICELIST_LEGACY,,,BUY 5 FREE 1 / BUY 10 FREE 3 / BUY 30 FREE 12 — ขัดกับ price list เดิมที่ระบุ 5 Free 2 / 10 Free 6 / 30 Free 20,5 Free 2 ; 10 Free 6 ; 30 Free 20,5.0,1.0,p.19,Scaler Tips-Refine,price_last,OK,
R-TI039-01,Scaler tip Satelec Periodontics PD21L,Scaler tips,Refine,ชิ้น,Guilin Refine Medical Instrument,297.5,1200.0,1300.0,840.0,500.0,0.7521,0.6458,0.405,PRICELIST_LEGACY,,,BUY 5 FREE 1 / BUY 10 FREE 3 / BUY 30 FREE 12 — ขัดกับ price list เดิมที่ระบุ 5 Free 2 / 10 Free 6 / 30 Free 20,5 Free 2 ; 10 Free 6 ; 30 Free 20,5.0,1.0,p.19,Scaler Tips-Refine,price_last,OK,
R-TI040-01,Scaler tip Satelec Periodontics PD21R,Scaler tips,Refine,ชิ้น,Guilin Refine Medical Instrument,297.5,1200.0,1300.0,840.0,500.0,0.7521,0.6458,0.405,PRICELIST_LEGACY,,,BUY 5 FREE 1 / BUY 10 FREE 3 / BUY 30 FREE 12 — ขัดกับ price list เดิมที่ระบุ 5 Free 2 / 10 Free 6 / 30 Free 20,5 Free 2 ; 10 Free 6 ; 30 Free 20,5.0,1.0,p.19,Scaler Tips-Refine,price_last,OK,
R-TI041-01,Scaler tip Satelec Periodontics PD22L,Scaler tips,Refine,ชิ้น,Guilin Refine Medical Instrument,297.5,1200.0,1300.0,840.0,500.0,0.7521,0.6458,0.405,PRICELIST_LEGACY,,,BUY 5 FREE 1 / BUY 10 FREE 3 / BUY 30 FREE 12 — ขัดกับ price list เดิมที่ระบุ 5 Free 2 / 10 Free 6 / 30 Free 20,5 Free 2 ; 10 Free 6 ; 30 Free 20,5.0,1.0,p.19,Scaler Tips-Refine,price_last,OK,
R-TI042-01,Scaler tip Satelec Periodontics PD22R,Scaler tips,Refine,ชิ้น,Guilin Refine Medical Instrument,297.5,1200.0,1300.0,840.0,500.0,0.7521,0.6458,0.405,PRICELIST_LEGACY,,,BUY 5 FREE 1 / BUY 10 FREE 3 / BUY 30 FREE 12 — ขัดกับ price list เดิมที่ระบุ 5 Free 2 / 10 Free 6 / 30 Free 20,5 Free 2 ; 10 Free 6 ; 30 Free 20,5.0,1.0,p.19,Scaler Tips-Refine,price_last,OK,
R-TI043-01,Scaler tip Satelec Endodontics ED1,Scaler tips,Refine,ชิ้น,Guilin Refine Medical Instrument,140.0,315.0,350.0,270.0,240.0,0.5556,0.48150000000000004,0.4167,PRICELIST_LEGACY,,,BUY 5 FREE 1 / BUY 10 FREE 3 / BUY 30 FREE 12 — ขัดกับ price list เดิมที่ระบุ 5 Free 2 / 10 Free 6 / 30 Free 20,5 Free 2 ; 10 Free 6 ; 30 Free 20,5.0,1.0,p.19,Scaler Tips-Refine,price_last,OK,
R-TI044-01,Scaler tip Satelec Endodontics ED2,Scaler tips,Refine,ชิ้น,Guilin Refine Medical Instrument,140.0,315.0,350.0,270.0,240.0,0.5556,0.48150000000000004,0.4167,PRICELIST_LEGACY,,,BUY 5 FREE 1 / BUY 10 FREE 3 / BUY 30 FREE 12 — ขัดกับ price list เดิมที่ระบุ 5 Free 2 / 10 Free 6 / 30 Free 20,5 Free 2 ; 10 Free 6 ; 30 Free 20,5.0,1.0,p.19,Scaler Tips-Refine,price_last,OK,
R-TI045-01,Scaler tip Satelec Endodontics ED3,Scaler tips,Refine,ชิ้น,Guilin Refine Medical Instrument,87.5,315.0,350.0,230.0,150.0,0.7222000000000001,0.6196,0.4167,PRICELIST_LEGACY,,,BUY 5 FREE 1 / BUY 10 FREE 3 / BUY 30 FREE 12 — ขัดกับ price list เดิมที่ระบุ 5 Free 2 / 10 Free 6 / 30 Free 20,5 Free 2 ; 10 Free 6 ; 30 Free 20,5.0,1.0,p.19,Scaler Tips-Refine,price_last,OK,
R-TI046-01,Scaler tip Satelec Endodontics ED3D,Scaler tips,Refine,ชิ้น,Guilin Refine Medical Instrument,192.5,650.0,720.0,460.0,330.0,0.7038,0.5815,0.4167,PRICELIST_LEGACY,,,BUY 5 FREE 1 / BUY 10 FREE 3 / BUY 30 FREE 12 — ขัดกับ price list เดิมที่ระบุ 5 Free 2 / 10 Free 6 / 30 Free 20,5 Free 2 ; 10 Free 6 ; 30 Free 20,5.0,1.0,p.19,Scaler Tips-Refine,price_last,OK,
R-TI047-01,Scaler tip Satelec Endodontics PD4D,Scaler tips,Refine,ชิ้น,Guilin Refine Medical Instrument,192.5,500.0,550.0,380.0,330.0,0.615,0.4934,0.4167,PRICELIST_LEGACY,,,BUY 5 FREE 1 / BUY 10 FREE 3 / BUY 30 FREE 12 — ขัดกับ price list เดิมที่ระบุ 5 Free 2 / 10 Free 6 / 30 Free 20,5 Free 2 ; 10 Free 6 ; 30 Free 20,5.0,1.0,p.19,Scaler Tips-Refine,price_last,OK,
R-TI048-01,Scaler tip Satelec Endodontics ED4,Scaler tips,Refine,ชิ้น,Guilin Refine Medical Instrument,175.0,315.0,350.0,315.0,300.0,0.4444,0.4444,0.4167,PRICELIST_LEGACY,,,BUY 5 FREE 1 / BUY 10 FREE 3 / BUY 30 FREE 12 — ขัดกับ price list เดิมที่ระบุ 5 Free 2 / 10 Free 6 / 30 Free 20,5 Free 2 ; 10 Free 6 ; 30 Free 20,5.0,1.0,p.19,Scaler Tips-Refine,price_last,REVIEW,ต้นทุนสูงเกินไป ราคา Dealer ทำ GP 48% ไม่ได้
R-TI049-01,Scaler tip Satelec Endodontics ED4D,Scaler tips,Refine,ชิ้น,Guilin Refine Medical Instrument,203.0,650.0,720.0,460.0,340.0,0.6877,0.5587,0.40290000000000004,PRICELIST_LEGACY,,,BUY 5 FREE 1 / BUY 10 FREE 3 / BUY 30 FREE 12 — ขัดกับ price list เดิมที่ระบุ 5 Free 2 / 10 Free 6 / 30 Free 20,5 Free 2 ; 10 Free 6 ; 30 Free 20,5.0,1.0,p.19,Scaler Tips-Refine,price_last,OK,
R-TI050-01,Scaler tip Satelec Endodontics ED5,Scaler tips,Refine,ชิ้น,Guilin Refine Medical Instrument,175.0,315.0,350.0,315.0,300.0,0.4444,0.4444,0.4167,PRICELIST_LEGACY,,,BUY 5 FREE 1 / BUY 10 FREE 3 / BUY 30 FREE 12 — ขัดกับ price list เดิมที่ระบุ 5 Free 2 / 10 Free 6 / 30 Free 20,5 Free 2 ; 10 Free 6 ; 30 Free 20,5.0,1.0,p.19,Scaler Tips-Refine,price_last,REVIEW,ต้นทุนสูงเกินไป ราคา Dealer ทำ GP 48% ไม่ได้
R-TI051-01,Scaler tip Satelec Endodontics ED5D,Scaler tips,Refine,ชิ้น,Guilin Refine Medical Instrument,203.0,650.0,720.0,460.0,340.0,0.6877,0.5587,0.40290000000000004,PRICELIST_LEGACY,,,BUY 5 FREE 1 / BUY 10 FREE 3 / BUY 30 FREE 12 — ขัดกับ price list เดิมที่ระบุ 5 Free 2 / 10 Free 6 / 30 Free 20,5 Free 2 ; 10 Free 6 ; 30 Free 20,5.0,1.0,p.19,Scaler Tips-Refine,price_last,OK,
R-TI052-01,Scaler tip Satelec Endodontics ED6,Scaler tips,Refine,ชิ้น,Guilin Refine Medical Instrument,525.0,1800.0,2000.0,1300.0,880.0,0.7083,0.5962000000000001,0.40340000000000004,PRICELIST_LEGACY,,,BUY 5 FREE 1 / BUY 10 FREE 3 / BUY 30 FREE 12 — ขัดกับ price list เดิมที่ระบุ 5 Free 2 / 10 Free 6 / 30 Free 20,5 Free 2 ; 10 Free 6 ; 30 Free 20,5.0,1.0,p.19,Scaler Tips-Refine,price_last,OK,
R-TI053-01,Scaler tip Satelec Endodontics ED7,Scaler tips,Refine,ชิ้น,Guilin Refine Medical Instrument,525.0,1800.0,2000.0,1300.0,880.0,0.7083,0.5962000000000001,0.40340000000000004,PRICELIST_LEGACY,,,BUY 5 FREE 1 / BUY 10 FREE 3 / BUY 30 FREE 12 — ขัดกับ price list เดิมที่ระบุ 5 Free 2 / 10 Free 6 / 30 Free 20,5 Free 2 ; 10 Free 6 ; 30 Free 20,5.0,1.0,p.19,Scaler Tips-Refine,price_last,OK,
R-TI054-01,Scaler tip Satelec Endodontics ED8,Scaler tips,Refine,ชิ้น,Guilin Refine Medical Instrument,175.0,500.0,550.0,350.0,300.0,0.65,0.5,0.4167,PRICELIST_LEGACY,,,BUY 5 FREE 1 / BUY 10 FREE 3 / BUY 30 FREE 12 — ขัดกับ price list เดิมที่ระบุ 5 Free 2 / 10 Free 6 / 30 Free 20,5 Free 2 ; 10 Free 6 ; 30 Free 20,5.0,1.0,p.19,Scaler Tips-Refine,price_last,OK,
R-TI055-01,Scaler tip Satelec Endodontics ED9,Scaler tips,Refine,ชิ้น,Guilin Refine Medical Instrument,175.0,500.0,550.0,350.0,300.0,0.65,0.5,0.4167,PRICELIST_LEGACY,,,BUY 5 FREE 1 / BUY 10 FREE 3 / BUY 30 FREE 12 — ขัดกับ price list เดิมที่ระบุ 5 Free 2 / 10 Free 6 / 30 Free 20,5 Free 2 ; 10 Free 6 ; 30 Free 20,5.0,1.0,p.19,Scaler Tips-Refine,price_last,OK,
R-TI056-01,Scaler tip Satelec Endodontics ED10,Scaler tips,Refine,ชิ้น,Guilin Refine Medical Instrument,175.0,500.0,550.0,350.0,300.0,0.65,0.5,0.4167,PRICELIST_LEGACY,,,BUY 5 FREE 1 / BUY 10 FREE 3 / BUY 30 FREE 12 — ขัดกับ price list เดิมที่ระบุ 5 Free 2 / 10 Free 6 / 30 Free 20,5 Free 2 ; 10 Free 6 ; 30 Free 20,5.0,1.0,p.19,Scaler Tips-Refine,price_last,OK,
R-TI057-01,Scaler tip Satelec Endodontics ED10D,Scaler tips,Refine,ชิ้น,Guilin Refine Medical Instrument,227.5,650.0,720.0,460.0,380.0,0.65,0.5054000000000001,0.40130000000000005,PRICELIST_LEGACY,,,BUY 5 FREE 1 / BUY 10 FREE 3 / BUY 30 FREE 12 — ขัดกับ price list เดิมที่ระบุ 5 Free 2 / 10 Free 6 / 30 Free 20,5 Free 2 ; 10 Free 6 ; 30 Free 20,5.0,1.0,p.19,Scaler Tips-Refine,price_last,OK,
R-TI058-01,Scaler tip Satelec Endodontics ED11D,Scaler tips,Refine,ชิ้น,Guilin Refine Medical Instrument,227.5,650.0,720.0,460.0,380.0,0.65,0.5054000000000001,0.40130000000000005,PRICELIST_LEGACY,,,BUY 5 FREE 1 / BUY 10 FREE 3 / BUY 30 FREE 12 — ขัดกับ price list เดิมที่ระบุ 5 Free 2 / 10 Free 6 / 30 Free 20,5 Free 2 ; 10 Free 6 ; 30 Free 20,5.0,1.0,p.19,Scaler Tips-Refine,price_last,OK,
R-TI059-01,Scaler tip Satelec Endodontics ED12D,Scaler tips,Refine,ชิ้น,Guilin Refine Medical Instrument,350.0,1800.0,2000.0,1300.0,590.0,0.8056000000000001,0.7308,0.4068,PRICELIST_LEGACY,,,BUY 5 FREE 1 / BUY 10 FREE 3 / BUY 30 FREE 12 — ขัดกับ price list เดิมที่ระบุ 5 Free 2 / 10 Free 6 / 30 Free 20,5 Free 2 ; 10 Free 6 ; 30 Free 20,5.0,1.0,p.19,Scaler Tips-Refine,price_last,OK,
R-TI060-01,Scaler tip Satelec Endodontics ED14,Scaler tips,Refine,ชิ้น,Guilin Refine Medical Instrument,175.0,500.0,550.0,350.0,300.0,0.65,0.5,0.4167,PRICELIST_LEGACY,,,BUY 5 FREE 1 / BUY 10 FREE 3 / BUY 30 FREE 12 — ขัดกับ price list เดิมที่ระบุ 5 Free 2 / 10 Free 6 / 30 Free 20,5 Free 2 ; 10 Free 6 ; 30 Free 20,5.0,1.0,p.19,Scaler Tips-Refine,price_last,OK,
R-TI061-01,Scaler tip Satelec Endodontics ED14D,Scaler tips,Refine,ชิ้น,Guilin Refine Medical Instrument,203.0,650.0,720.0,460.0,340.0,0.6877,0.5587,0.40290000000000004,PRICELIST_LEGACY,,,BUY 5 FREE 1 / BUY 10 FREE 3 / BUY 30 FREE 12 — ขัดกับ price list เดิมที่ระบุ 5 Free 2 / 10 Free 6 / 30 Free 20,5 Free 2 ; 10 Free 6 ; 30 Free 20,5.0,1.0,p.19,Scaler Tips-Refine,price_last,OK,
R-TI062-01,Scaler tip Satelec Endodontics ED15,Scaler tips,Refine,ชิ้น,Guilin Refine Medical Instrument,175.0,500.0,550.0,350.0,300.0,0.65,0.5,0.4167,PRICELIST_LEGACY,,,BUY 5 FREE 1 / BUY 10 FREE 3 / BUY 30 FREE 12 — ขัดกับ price list เดิมที่ระบุ 5 Free 2 / 10 Free 6 / 30 Free 20,5 Free 2 ; 10 Free 6 ; 30 Free 20,5.0,1.0,p.19,Scaler Tips-Refine,price_last,OK,
R-TI063-01,Scaler tip Satelec Endodontics ED15D,Scaler tips,Refine,ชิ้น,Guilin Refine Medical Instrument,203.0,650.0,720.0,460.0,340.0,0.6877,0.5587,0.40290000000000004,PRICELIST_LEGACY,,,BUY 5 FREE 1 / BUY 10 FREE 3 / BUY 30 FREE 12 — ขัดกับ price list เดิมที่ระบุ 5 Free 2 / 10 Free 6 / 30 Free 20,5 Free 2 ; 10 Free 6 ; 30 Free 20,5.0,1.0,p.19,Scaler Tips-Refine,price_last,OK,
R-TI064-02,Scaler tip EMS Scaling G1,Scaler tips,Refine,ชิ้น,Guilin Refine Medical Instrument,56.0,315.0,350.0,230.0,100.0,0.8222,0.7565000000000001,0.44,PRICELIST_LEGACY,,,BUY 5 FREE 1 / BUY 10 FREE 3 / BUY 30 FREE 12 — ขัดกับ price list เดิมที่ระบุ 5 Free 2 / 10 Free 6 / 30 Free 20,5 Free 2 ; 10 Free 6 ; 30 Free 20,5.0,1.0,p.19,Scaler Tips-Refine,price_last,OK,
R-TI065-02,Scaler tip EMS Scaling G5,Scaler tips,Refine,ชิ้น,Guilin Refine Medical Instrument,87.5,315.0,350.0,230.0,150.0,0.7222000000000001,0.6196,0.4167,PRICELIST_LEGACY,,,BUY 5 FREE 1 / BUY 10 FREE 3 / BUY 30 FREE 12 — ขัดกับ price list เดิมที่ระบุ 5 Free 2 / 10 Free 6 / 30 Free 20,5 Free 2 ; 10 Free 6 ; 30 Free 20,5.0,1.0,p.19,Scaler Tips-Refine,price_last,OK,
R-TI066-02,Scaler tip EMS Scaling G9,Scaler tips,Refine,ชิ้น,Guilin Refine Medical Instrument,203.0,650.0,720.0,460.0,340.0,0.6877,0.5587,0.40290000000000004,PRICELIST_LEGACY,,,BUY 5 FREE 1 / BUY 10 FREE 3 / BUY 30 FREE 12 — ขัดกับ price list เดิมที่ระบุ 5 Free 2 / 10 Free 6 / 30 Free 20,5 Free 2 ; 10 Free 6 ; 30 Free 20,5.0,1.0,p.19,Scaler Tips-Refine,price_last,OK,
R-TI067-02,Scaler tip EMS Scaling G10,Scaler tips,Refine,ชิ้น,Guilin Refine Medical Instrument,203.0,650.0,720.0,460.0,340.0,0.6877,0.5587,0.40290000000000004,PRICELIST_LEGACY,,,BUY 5 FREE 1 / BUY 10 FREE 3 / BUY 30 FREE 12 — ขัดกับ price list เดิมที่ระบุ 5 Free 2 / 10 Free 6 / 30 Free 20,5 Free 2 ; 10 Free 6 ; 30 Free 20,5.0,1.0,p.19,Scaler Tips-Refine,price_last,OK,
R-TI068-02,Scaler tip EMS Periodontics P1,Scaler tips,Refine,ชิ้น,Guilin Refine Medical Instrument,87.5,315.0,350.0,230.0,150.0,0.7222000000000001,0.6196,0.4167,PRICELIST_LEGACY,,,BUY 5 FREE 1 / BUY 10 FREE 3 / BUY 30 FREE 12 — ขัดกับ price list เดิมที่ระบุ 5 Free 2 / 10 Free 6 / 30 Free 20,5 Free 2 ; 10 Free 6 ; 30 Free 20,5.0,1.0,p.19,Scaler Tips-Refine,price_last,OK,
R-TI069-02,Scaler tip EMS Periodontics P3,Scaler tips,Refine,ชิ้น,Guilin Refine Medical Instrument,140.0,500.0,550.0,350.0,240.0,0.72,0.6000000000000001,0.4167,PRICELIST_LEGACY,,,BUY 5 FREE 1 / BUY 10 FREE 3 / BUY 30 FREE 12 — ขัดกับ price list เดิมที่ระบุ 5 Free 2 / 10 Free 6 / 30 Free 20,5 Free 2 ; 10 Free 6 ; 30 Free 20,5.0,1.0,p.19,Scaler Tips-Refine,price_last,OK,
R-TI070-02,Scaler tip EMS Periodontics P5,Scaler tips,Refine,ชิ้น,Guilin Refine Medical Instrument,175.0,500.0,550.0,350.0,300.0,0.65,0.5,0.4167,PRICELIST_LEGACY,,,BUY 5 FREE 1 / BUY 10 FREE 3 / BUY 30 FREE 12 — ขัดกับ price list เดิมที่ระบุ 5 Free 2 / 10 Free 6 / 30 Free 20,5 Free 2 ; 10 Free 6 ; 30 Free 20,5.0,1.0,p.19,Scaler Tips-Refine,price_last,OK,
R-TI071-02,Scaler tip EMS Scaling G2,Scaler tips,Refine,ชิ้น,Guilin Refine Medical Instrument,56.0,315.0,350.0,230.0,100.0,0.8222,0.7565000000000001,0.44,PRICELIST_LEGACY,,,BUY 5 FREE 1 / BUY 10 FREE 3 / BUY 30 FREE 12 — ขัดกับ price list เดิมที่ระบุ 5 Free 2 / 10 Free 6 / 30 Free 20,5 Free 2 ; 10 Free 6 ; 30 Free 20,5.0,1.0,p.19,Scaler Tips-Refine,price_last,OK,
R-TI072-02,Scaler tip EMS Scaling G3,Scaler tips,Refine,ชิ้น,Guilin Refine Medical Instrument,87.5,315.0,350.0,230.0,150.0,0.7222000000000001,0.6196,0.4167,PRICELIST_LEGACY,,,BUY 5 FREE 1 / BUY 10 FREE 3 / BUY 30 FREE 12 — ขัดกับ price list เดิมที่ระบุ 5 Free 2 / 10 Free 6 / 30 Free 20,5 Free 2 ; 10 Free 6 ; 30 Free 20,5.0,1.0,p.19,Scaler Tips-Refine,price_last,OK,
R-TI073-02,Scaler tip EMS Scaling G4,Scaler tips,Refine,ชิ้น,Guilin Refine Medical Instrument,87.5,315.0,350.0,230.0,150.0,0.7222000000000001,0.6196,0.4167,PRICELIST_LEGACY,,,BUY 5 FREE 1 / BUY 10 FREE 3 / BUY 30 FREE 12 — ขัดกับ price list เดิมที่ระบุ 5 Free 2 / 10 Free 6 / 30 Free 20,5 Free 2 ; 10 Free 6 ; 30 Free 20,5.0,1.0,p.19,Scaler Tips-Refine,price_last,OK,
R-TI074-02,Scaler tip EMS Scaling G6,Scaler tips,Refine,ชิ้น,Guilin Refine Medical Instrument,87.5,315.0,350.0,230.0,150.0,0.7222000000000001,0.6196,0.4167,PRICELIST_LEGACY,,,BUY 5 FREE 1 / BUY 10 FREE 3 / BUY 30 FREE 12 — ขัดกับ price list เดิมที่ระบุ 5 Free 2 / 10 Free 6 / 30 Free 20,5 Free 2 ; 10 Free 6 ; 30 Free 20,5.0,1.0,p.19,Scaler Tips-Refine,price_last,OK,
R-TI075-02,Scaler tip EMS Scaling G7,Scaler tips,Refine,ชิ้น,Guilin Refine Medical Instrument,87.5,315.0,350.0,230.0,150.0,0.7222000000000001,0.6196,0.4167,PRICELIST_LEGACY,,,BUY 5 FREE 1 / BUY 10 FREE 3 / BUY 30 FREE 12 — ขัดกับ price list เดิมที่ระบุ 5 Free 2 / 10 Free 6 / 30 Free 20,5 Free 2 ; 10 Free 6 ; 30 Free 20,5.0,1.0,p.19,Scaler Tips-Refine,price_last,OK,
R-TI076-02,Scaler tip EMS Scaling G8,Scaler tips,Refine,ชิ้น,Guilin Refine Medical Instrument,87.5,315.0,350.0,230.0,150.0,0.7222000000000001,0.6196,0.4167,PRICELIST_LEGACY,,,BUY 5 FREE 1 / BUY 10 FREE 3 / BUY 30 FREE 12 — ขัดกับ price list เดิมที่ระบุ 5 Free 2 / 10 Free 6 / 30 Free 20,5 Free 2 ; 10 Free 6 ; 30 Free 20,5.0,1.0,p.19,Scaler Tips-Refine,price_last,OK,
R-TI077-02,Scaler tip EMS Scaling G12,Scaler tips,Refine,ชิ้น,Guilin Refine Medical Instrument,203.0,650.0,720.0,460.0,340.0,0.6877,0.5587,0.40290000000000004,PRICELIST_LEGACY,,,BUY 5 FREE 1 / BUY 10 FREE 3 / BUY 30 FREE 12 — ขัดกับ price list เดิมที่ระบุ 5 Free 2 / 10 Free 6 / 30 Free 20,5 Free 2 ; 10 Free 6 ; 30 Free 20,5.0,1.0,p.19,Scaler Tips-Refine,price_last,OK,
R-TI078-02,Scaler tip EMS Scaling G20,Scaler tips,Refine,ชิ้น,Guilin Refine Medical Instrument,297.5,1000.0,1100.0,700.0,500.0,0.7025,0.5750000000000001,0.405,PRICELIST_LEGACY,,,BUY 5 FREE 1 / BUY 10 FREE 3 / BUY 30 FREE 12 — ขัดกับ price list เดิมที่ระบุ 5 Free 2 / 10 Free 6 / 30 Free 20,5 Free 2 ; 10 Free 6 ; 30 Free 20,5.0,1.0,p.19,Scaler Tips-Refine,price_last,OK,
R-TI079-02,Scaler tip EMS Scaling G21,Scaler tips,Refine,ชิ้น,Guilin Refine Medical Instrument,297.5,1000.0,1100.0,700.0,500.0,0.7025,0.5750000000000001,0.405,PRICELIST_LEGACY,,,BUY 5 FREE 1 / BUY 10 FREE 3 / BUY 30 FREE 12 — ขัดกับ price list เดิมที่ระบุ 5 Free 2 / 10 Free 6 / 30 Free 20,5 Free 2 ; 10 Free 6 ; 30 Free 20,5.0,1.0,p.19,Scaler Tips-Refine,price_last,OK,
R-TI080-02,Scaler tip EMS Scaling G28,Scaler tips,Refine,ชิ้น,Guilin Refine Medical Instrument,140.0,500.0,550.0,350.0,240.0,0.72,0.6000000000000001,0.4167,PRICELIST_LEGACY,,,BUY 5 FREE 1 / BUY 10 FREE 3 / BUY 30 FREE 12 — ขัดกับ price list เดิมที่ระบุ 5 Free 2 / 10 Free 6 / 30 Free 20,5 Free 2 ; 10 Free 6 ; 30 Free 20,5.0,1.0,p.19,Scaler Tips-Refine,price_last,OK,
R-TI081-02,Scaler tip EMS Scaling G30,Scaler tips,Refine,ชิ้น,Guilin Refine Medical Instrument,297.5,1200.0,1300.0,840.0,500.0,0.7521,0.6458,0.405,PRICELIST_LEGACY,,,BUY 5 FREE 1 / BUY 10 FREE 3 / BUY 30 FREE 12 — ขัดกับ price list เดิมที่ระบุ 5 Free 2 / 10 Free 6 / 30 Free 20,5 Free 2 ; 10 Free 6 ; 30 Free 20,5.0,1.0,p.19,Scaler Tips-Refine,price_last,OK,
R-TI082-02,Scaler tip EMS Scaling G31,Scaler tips,Refine,ชิ้น,Guilin Refine Medical Instrument,297.5,1200.0,1300.0,840.0,500.0,0.7521,0.6458,0.405,PRICELIST_LEGACY,,,BUY 5 FREE 1 / BUY 10 FREE 3 / BUY 30 FREE 12 — ขัดกับ price list เดิมที่ระบุ 5 Free 2 / 10 Free 6 / 30 Free 20,5 Free 2 ; 10 Free 6 ; 30 Free 20,5.0,1.0,p.19,Scaler Tips-Refine,price_last,OK,
R-TI083-02,Scaler tip EMS Scaling G32,Scaler tips,Refine,ชิ้น,Guilin Refine Medical Instrument,297.5,1200.0,1300.0,840.0,500.0,0.7521,0.6458,0.405,PRICELIST_LEGACY,,,BUY 5 FREE 1 / BUY 10 FREE 3 / BUY 30 FREE 12 — ขัดกับ price list เดิมที่ระบุ 5 Free 2 / 10 Free 6 / 30 Free 20,5 Free 2 ; 10 Free 6 ; 30 Free 20,5.0,1.0,p.19,Scaler Tips-Refine,price_last,OK,
R-TI084-02,Scaler tip EMS Scaling G33,Scaler tips,Refine,ชิ้น,Guilin Refine Medical Instrument,297.5,1200.0,1300.0,840.0,500.0,0.7521,0.6458,0.405,PRICELIST_LEGACY,,,BUY 5 FREE 1 / BUY 10 FREE 3 / BUY 30 FREE 12 — ขัดกับ price list เดิมที่ระบุ 5 Free 2 / 10 Free 6 / 30 Free 20,5 Free 2 ; 10 Free 6 ; 30 Free 20,5.0,1.0,p.19,Scaler Tips-Refine,price_last,OK,
R-TI085-02,Scaler tip EMS Periodontics P2L,Scaler tips,Refine,ชิ้น,Guilin Refine Medical Instrument,175.0,500.0,550.0,350.0,300.0,0.65,0.5,0.4167,PRICELIST_LEGACY,,,BUY 5 FREE 1 / BUY 10 FREE 3 / BUY 30 FREE 12 — ขัดกับ price list เดิมที่ระบุ 5 Free 2 / 10 Free 6 / 30 Free 20,5 Free 2 ; 10 Free 6 ; 30 Free 20,5.0,1.0,p.19,Scaler Tips-Refine,price_last,OK,
R-TI086-02,Scaler tip EMS Periodontics P2R,Scaler tips,Refine,ชิ้น,Guilin Refine Medical Instrument,175.0,500.0,550.0,350.0,300.0,0.65,0.5,0.4167,PRICELIST_LEGACY,,,BUY 5 FREE 1 / BUY 10 FREE 3 / BUY 30 FREE 12 — ขัดกับ price list เดิมที่ระบุ 5 Free 2 / 10 Free 6 / 30 Free 20,5 Free 2 ; 10 Free 6 ; 30 Free 20,5.0,1.0,p.19,Scaler Tips-Refine,price_last,OK,
R-TI087-02,Scaler tip EMS Periodontics P2LD,Scaler tips,Refine,ชิ้น,Guilin Refine Medical Instrument,203.0,650.0,720.0,460.0,340.0,0.6877,0.5587,0.40290000000000004,PRICELIST_LEGACY,,,BUY 5 FREE 1 / BUY 10 FREE 3 / BUY 30 FREE 12 — ขัดกับ price list เดิมที่ระบุ 5 Free 2 / 10 Free 6 / 30 Free 20,5 Free 2 ; 10 Free 6 ; 30 Free 20,5.0,1.0,p.19,Scaler Tips-Refine,price_last,OK,
R-TI088-02,Scaler tip EMS Periodontics P2RD,Scaler tips,Refine,ชิ้น,Guilin Refine Medical Instrument,203.0,650.0,720.0,460.0,340.0,0.6877,0.5587,0.40290000000000004,PRICELIST_LEGACY,,,BUY 5 FREE 1 / BUY 10 FREE 3 / BUY 30 FREE 12 — ขัดกับ price list เดิมที่ระบุ 5 Free 2 / 10 Free 6 / 30 Free 20,5 Free 2 ; 10 Free 6 ; 30 Free 20,5.0,1.0,p.19,Scaler Tips-Refine,price_last,OK,
R-TI089-02,Scaler tip EMS Periodontics P3D,Scaler tips,Refine,ชิ้น,Guilin Refine Medical Instrument,192.5,650.0,720.0,460.0,330.0,0.7038,0.5815,0.4167,PRICELIST_LEGACY,,,BUY 5 FREE 1 / BUY 10 FREE 3 / BUY 30 FREE 12 — ขัดกับ price list เดิมที่ระบุ 5 Free 2 / 10 Free 6 / 30 Free 20,5 Free 2 ; 10 Free 6 ; 30 Free 20,5.0,1.0,p.19,Scaler Tips-Refine,price_last,OK,
R-TI090-02,Scaler tip EMS Periodontics P4,Scaler tips,Refine,ชิ้น,Guilin Refine Medical Instrument,140.0,500.0,550.0,350.0,240.0,0.72,0.6000000000000001,0.4167,PRICELIST_LEGACY,,,BUY 5 FREE 1 / BUY 10 FREE 3 / BUY 30 FREE 12 — ขัดกับ price list เดิมที่ระบุ 5 Free 2 / 10 Free 6 / 30 Free 20,5 Free 2 ; 10 Free 6 ; 30 Free 20,5.0,1.0,p.19,Scaler Tips-Refine,price_last,OK,
R-TI091-02,Scaler tip EMS Periodontics P6,Scaler tips,Refine,ชิ้น,Guilin Refine Medical Instrument,175.0,500.0,550.0,350.0,300.0,0.65,0.5,0.4167,PRICELIST_LEGACY,,,BUY 5 FREE 1 / BUY 10 FREE 3 / BUY 30 FREE 12 — ขัดกับ price list เดิมที่ระบุ 5 Free 2 / 10 Free 6 / 30 Free 20,5 Free 2 ; 10 Free 6 ; 30 Free 20,5.0,1.0,p.19,Scaler Tips-Refine,price_last,OK,
R-TI092-02,Scaler tip EMS Periodontics P7,Scaler tips,Refine,ชิ้น,Guilin Refine Medical Instrument,175.0,500.0,550.0,350.0,300.0,0.65,0.5,0.4167,PRICELIST_LEGACY,,,BUY 5 FREE 1 / BUY 10 FREE 3 / BUY 30 FREE 12 — ขัดกับ price list เดิมที่ระบุ 5 Free 2 / 10 Free 6 / 30 Free 20,5 Free 2 ; 10 Free 6 ; 30 Free 20,5.0,1.0,p.19,Scaler Tips-Refine,price_last,OK,
R-TI093-02,Scaler tip EMS Periodontics P8,Scaler tips,Refine,ชิ้น,Guilin Refine Medical Instrument,175.0,500.0,550.0,350.0,300.0,0.65,0.5,0.4167,PRICELIST_LEGACY,,,BUY 5 FREE 1 / BUY 10 FREE 3 / BUY 30 FREE 12 — ขัดกับ price list เดิมที่ระบุ 5 Free 2 / 10 Free 6 / 30 Free 20,5 Free 2 ; 10 Free 6 ; 30 Free 20,5.0,1.0,p.19,Scaler Tips-Refine,price_last,OK,
R-TI094-02,Scaler tip EMS Periodontics P10,Scaler tips,Refine,ชิ้น,Guilin Refine Medical Instrument,175.0,500.0,550.0,350.0,300.0,0.65,0.5,0.4167,PRICELIST_LEGACY,,,BUY 5 FREE 1 / BUY 10 FREE 3 / BUY 30 FREE 12 — ขัดกับ price list เดิมที่ระบุ 5 Free 2 / 10 Free 6 / 30 Free 20,5 Free 2 ; 10 Free 6 ; 30 Free 20,5.0,1.0,p.19,Scaler Tips-Refine,price_last,OK,
R-TI095-02,Scaler tip EMS Periodontics P11,Scaler tips,Refine,ชิ้น,Guilin Refine Medical Instrument,175.0,500.0,550.0,350.0,300.0,0.65,0.5,0.4167,PRICELIST_LEGACY,,,BUY 5 FREE 1 / BUY 10 FREE 3 / BUY 30 FREE 12 — ขัดกับ price list เดิมที่ระบุ 5 Free 2 / 10 Free 6 / 30 Free 20,5 Free 2 ; 10 Free 6 ; 30 Free 20,5.0,1.0,p.19,Scaler Tips-Refine,price_last,OK,
R-TI096-02,Scaler tip EMS Periodontics P12,Scaler tips,Refine,ชิ้น,Guilin Refine Medical Instrument,175.0,500.0,550.0,350.0,300.0,0.65,0.5,0.4167,PRICELIST_LEGACY,,,BUY 5 FREE 1 / BUY 10 FREE 3 / BUY 30 FREE 12 — ขัดกับ price list เดิมที่ระบุ 5 Free 2 / 10 Free 6 / 30 Free 20,5 Free 2 ; 10 Free 6 ; 30 Free 20,5.0,1.0,p.19,Scaler Tips-Refine,price_last,OK,
R-TI097-02,Scaler tip EMS Periodontics P14L,Scaler tips,Refine,ชิ้น,Guilin Refine Medical Instrument,297.5,1200.0,1300.0,840.0,500.0,0.7521,0.6458,0.405,PRICELIST_LEGACY,,,BUY 5 FREE 1 / BUY 10 FREE 3 / BUY 30 FREE 12 — ขัดกับ price list เดิมที่ระบุ 5 Free 2 / 10 Free 6 / 30 Free 20,5 Free 2 ; 10 Free 6 ; 30 Free 20,5.0,1.0,p.19,Scaler Tips-Refine,price_last,OK,
R-TI098-02,Scaler tip EMS Periodontics P14R,Scaler tips,Refine,ชิ้น,Guilin Refine Medical Instrument,297.5,1200.0,1300.0,840.0,500.0,0.7521,0.6458,0.405,PRICELIST_LEGACY,,,BUY 5 FREE 1 / BUY 10 FREE 3 / BUY 30 FREE 12 — ขัดกับ price list เดิมที่ระบุ 5 Free 2 / 10 Free 6 / 30 Free 20,5 Free 2 ; 10 Free 6 ; 30 Free 20,5.0,1.0,p.19,Scaler Tips-Refine,price_last,OK,
R-TI099-02,Scaler tip EMS Periodontics P18,Scaler tips,Refine,ชิ้น,Guilin Refine Medical Instrument,175.0,500.0,550.0,350.0,300.0,0.65,0.5,0.4167,PRICELIST_LEGACY,,,BUY 5 FREE 1 / BUY 10 FREE 3 / BUY 30 FREE 12 — ขัดกับ price list เดิมที่ระบุ 5 Free 2 / 10 Free 6 / 30 Free 20,5 Free 2 ; 10 Free 6 ; 30 Free 20,5.0,1.0,p.19,Scaler Tips-Refine,price_last,OK,
R-TI100-02,Scaler tip EMS Periodontics P20,Scaler tips,Refine,ชิ้น,Guilin Refine Medical Instrument,175.0,500.0,550.0,350.0,300.0,0.65,0.5,0.4167,PRICELIST_LEGACY,,,BUY 5 FREE 1 / BUY 10 FREE 3 / BUY 30 FREE 12 — ขัดกับ price list เดิมที่ระบุ 5 Free 2 / 10 Free 6 / 30 Free 20,5 Free 2 ; 10 Free 6 ; 30 Free 20,5.0,1.0,p.19,Scaler Tips-Refine,price_last,OK,
R-TI101-02,Scaler tip EMS Periodontics P20L,Scaler tips,Refine,ชิ้น,Guilin Refine Medical Instrument,297.5,1200.0,1300.0,840.0,500.0,0.7521,0.6458,0.405,PRICELIST_LEGACY,,,BUY 5 FREE 1 / BUY 10 FREE 3 / BUY 30 FREE 12 — ขัดกับ price list เดิมที่ระบุ 5 Free 2 / 10 Free 6 / 30 Free 20,5 Free 2 ; 10 Free 6 ; 30 Free 20,5.0,1.0,p.19,Scaler Tips-Refine,price_last,OK,
R-TI102-02,Scaler tip EMS Periodontics P21L,Scaler tips,Refine,ชิ้น,Guilin Refine Medical Instrument,297.5,1200.0,1300.0,840.0,500.0,0.7521,0.6458,0.405,PRICELIST_LEGACY,,,BUY 5 FREE 1 / BUY 10 FREE 3 / BUY 30 FREE 12 — ขัดกับ price list เดิมที่ระบุ 5 Free 2 / 10 Free 6 / 30 Free 20,5 Free 2 ; 10 Free 6 ; 30 Free 20,5.0,1.0,p.19,Scaler Tips-Refine,price_last,OK,
R-TI103-02,Scaler tip EMS Periodontics P21R,Scaler tips,Refine,ชิ้น,Guilin Refine Medical Instrument,297.5,1200.0,1300.0,840.0,500.0,0.7521,0.6458,0.405,PRICELIST_LEGACY,,,BUY 5 FREE 1 / BUY 10 FREE 3 / BUY 30 FREE 12 — ขัดกับ price list เดิมที่ระบุ 5 Free 2 / 10 Free 6 / 30 Free 20,5 Free 2 ; 10 Free 6 ; 30 Free 20,5.0,1.0,p.19,Scaler Tips-Refine,price_last,OK,
R-TI104-02,Scaler tip EMS Periodontics P22L,Scaler tips,Refine,ชิ้น,Guilin Refine Medical Instrument,297.5,1200.0,1300.0,840.0,500.0,0.7521,0.6458,0.405,PRICELIST_LEGACY,,,BUY 5 FREE 1 / BUY 10 FREE 3 / BUY 30 FREE 12 — ขัดกับ price list เดิมที่ระบุ 5 Free 2 / 10 Free 6 / 30 Free 20,5 Free 2 ; 10 Free 6 ; 30 Free 20,5.0,1.0,p.19,Scaler Tips-Refine,price_last,OK,
R-TI105-02,Scaler tip EMS Periodontics P22R,Scaler tips,Refine,ชิ้น,Guilin Refine Medical Instrument,297.5,1200.0,1300.0,840.0,500.0,0.7521,0.6458,0.405,PRICELIST_LEGACY,,,BUY 5 FREE 1 / BUY 10 FREE 3 / BUY 30 FREE 12 — ขัดกับ price list เดิมที่ระบุ 5 Free 2 / 10 Free 6 / 30 Free 20,5 Free 2 ; 10 Free 6 ; 30 Free 20,5.0,1.0,p.19,Scaler Tips-Refine,price_last,OK,
R-TI106-02,Scaler tip EMS Endodontics E1,Scaler tips,Refine,ชิ้น,Guilin Refine Medical Instrument,140.0,315.0,350.0,270.0,240.0,0.5556,0.48150000000000004,0.4167,PRICELIST_LEGACY,,,BUY 5 FREE 1 / BUY 10 FREE 3 / BUY 30 FREE 12 — ขัดกับ price list เดิมที่ระบุ 5 Free 2 / 10 Free 6 / 30 Free 20,5 Free 2 ; 10 Free 6 ; 30 Free 20,5.0,1.0,p.19,Scaler Tips-Refine,price_last,OK,
R-TI107-02,Scaler tip EMS Endodontics E2,Scaler tips,Refine,ชิ้น,Guilin Refine Medical Instrument,140.0,315.0,350.0,270.0,240.0,0.5556,0.48150000000000004,0.4167,PRICELIST_LEGACY,,,BUY 5 FREE 1 / BUY 10 FREE 3 / BUY 30 FREE 12 — ขัดกับ price list เดิมที่ระบุ 5 Free 2 / 10 Free 6 / 30 Free 20,5 Free 2 ; 10 Free 6 ; 30 Free 20,5.0,1.0,p.19,Scaler Tips-Refine,price_last,OK,
R-TI108-02,Scaler tip EMS Endodontics E3,Scaler tips,Refine,ชิ้น,Guilin Refine Medical Instrument,87.5,315.0,350.0,230.0,150.0,0.7222000000000001,0.6196,0.4167,PRICELIST_LEGACY,,,BUY 5 FREE 1 / BUY 10 FREE 3 / BUY 30 FREE 12 — ขัดกับ price list เดิมที่ระบุ 5 Free 2 / 10 Free 6 / 30 Free 20,5 Free 2 ; 10 Free 6 ; 30 Free 20,5.0,1.0,p.19,Scaler Tips-Refine,price_last,OK,
R-TI109-02,Scaler tip EMS Endodontics E3D,Scaler tips,Refine,ชิ้น,Guilin Refine Medical Instrument,192.5,650.0,720.0,460.0,330.0,0.7038,0.5815,0.4167,PRICELIST_LEGACY,,,BUY 5 FREE 1 / BUY 10 FREE 3 / BUY 30 FREE 12 — ขัดกับ price list เดิมที่ระบุ 5 Free 2 / 10 Free 6 / 30 Free 20,5 Free 2 ; 10 Free 6 ; 30 Free 20,5.0,1.0,p.19,Scaler Tips-Refine,price_last,OK,
R-TI110-02,Scaler tip EMS Periodontics P4D,Scaler tips,Refine,ชิ้น,Guilin Refine Medical Instrument,192.5,500.0,550.0,380.0,330.0,0.615,0.4934,0.4167,PRICELIST_LEGACY,,,BUY 5 FREE 1 / BUY 10 FREE 3 / BUY 30 FREE 12 — ขัดกับ price list เดิมที่ระบุ 5 Free 2 / 10 Free 6 / 30 Free 20,5 Free 2 ; 10 Free 6 ; 30 Free 20,5.0,1.0,p.19,Scaler Tips-Refine,price_last,OK,
R-TI111-02,Scaler tip EMS Endodontics E4,Scaler tips,Refine,ชิ้น,Guilin Refine Medical Instrument,175.0,315.0,350.0,315.0,300.0,0.4444,0.4444,0.4167,PRICELIST_LEGACY,,,BUY 5 FREE 1 / BUY 10 FREE 3 / BUY 30 FREE 12 — ขัดกับ price list เดิมที่ระบุ 5 Free 2 / 10 Free 6 / 30 Free 20,5 Free 2 ; 10 Free 6 ; 30 Free 20,5.0,1.0,p.19,Scaler Tips-Refine,price_last,REVIEW,ต้นทุนสูงเกินไป ราคา Dealer ทำ GP 48% ไม่ได้
R-TI112-02,Scaler tip EMS Endodontics E4D,Scaler tips,Refine,ชิ้น,Guilin Refine Medical Instrument,203.0,650.0,720.0,460.0,340.0,0.6877,0.5587,0.40290000000000004,PRICELIST_LEGACY,,,BUY 5 FREE 1 / BUY 10 FREE 3 / BUY 30 FREE 12 — ขัดกับ price list เดิมที่ระบุ 5 Free 2 / 10 Free 6 / 30 Free 20,5 Free 2 ; 10 Free 6 ; 30 Free 20,5.0,1.0,p.19,Scaler Tips-Refine,price_last,OK,
R-TI113-02,Scaler tip EMS Endodontics E5,Scaler tips,Refine,ชิ้น,Guilin Refine Medical Instrument,175.0,315.0,350.0,315.0,300.0,0.4444,0.4444,0.4167,PRICELIST_LEGACY,,,BUY 5 FREE 1 / BUY 10 FREE 3 / BUY 30 FREE 12 — ขัดกับ price list เดิมที่ระบุ 5 Free 2 / 10 Free 6 / 30 Free 20,5 Free 2 ; 10 Free 6 ; 30 Free 20,5.0,1.0,p.19,Scaler Tips-Refine,price_last,REVIEW,ต้นทุนสูงเกินไป ราคา Dealer ทำ GP 48% ไม่ได้
R-TI114-02,Scaler tip EMS Endodontics E5D,Scaler tips,Refine,ชิ้น,Guilin Refine Medical Instrument,203.0,650.0,720.0,460.0,340.0,0.6877,0.5587,0.40290000000000004,PRICELIST_LEGACY,,,BUY 5 FREE 1 / BUY 10 FREE 3 / BUY 30 FREE 12 — ขัดกับ price list เดิมที่ระบุ 5 Free 2 / 10 Free 6 / 30 Free 20,5 Free 2 ; 10 Free 6 ; 30 Free 20,5.0,1.0,p.19,Scaler Tips-Refine,price_last,OK,
R-TI115-02,Scaler tip EMS Endodontics E6,Scaler tips,Refine,ชิ้น,Guilin Refine Medical Instrument,525.0,1800.0,2000.0,1300.0,880.0,0.7083,0.5962000000000001,0.40340000000000004,PRICELIST_LEGACY,,,BUY 5 FREE 1 / BUY 10 FREE 3 / BUY 30 FREE 12 — ขัดกับ price list เดิมที่ระบุ 5 Free 2 / 10 Free 6 / 30 Free 20,5 Free 2 ; 10 Free 6 ; 30 Free 20,5.0,1.0,p.19,Scaler Tips-Refine,price_last,OK,
R-TI116-02,Scaler tip EMS Endodontics E7,Scaler tips,Refine,ชิ้น,Guilin Refine Medical Instrument,525.0,1800.0,2000.0,1300.0,880.0,0.7083,0.5962000000000001,0.40340000000000004,PRICELIST_LEGACY,,,BUY 5 FREE 1 / BUY 10 FREE 3 / BUY 30 FREE 12 — ขัดกับ price list เดิมที่ระบุ 5 Free 2 / 10 Free 6 / 30 Free 20,5 Free 2 ; 10 Free 6 ; 30 Free 20,5.0,1.0,p.19,Scaler Tips-Refine,price_last,OK,
R-TI117-02,Scaler tip EMS Endodontics E8,Scaler tips,Refine,ชิ้น,Guilin Refine Medical Instrument,175.0,500.0,550.0,350.0,300.0,0.65,0.5,0.4167,PRICELIST_LEGACY,,,BUY 5 FREE 1 / BUY 10 FREE 3 / BUY 30 FREE 12 — ขัดกับ price list เดิมที่ระบุ 5 Free 2 / 10 Free 6 / 30 Free 20,5 Free 2 ; 10 Free 6 ; 30 Free 20,5.0,1.0,p.19,Scaler Tips-Refine,price_last,OK,
R-TI118-02,Scaler tip EMS Endodontics E9,Scaler tips,Refine,ชิ้น,Guilin Refine Medical Instrument,175.0,500.0,550.0,350.0,300.0,0.65,0.5,0.4167,PRICELIST_LEGACY,,,BUY 5 FREE 1 / BUY 10 FREE 3 / BUY 30 FREE 12 — ขัดกับ price list เดิมที่ระบุ 5 Free 2 / 10 Free 6 / 30 Free 20,5 Free 2 ; 10 Free 6 ; 30 Free 20,5.0,1.0,p.19,Scaler Tips-Refine,price_last,OK,
R-TI119-02,Scaler tip EMS Endodontics E10,Scaler tips,Refine,ชิ้น,Guilin Refine Medical Instrument,175.0,500.0,550.0,350.0,300.0,0.65,0.5,0.4167,PRICELIST_LEGACY,,,BUY 5 FREE 1 / BUY 10 FREE 3 / BUY 30 FREE 12 — ขัดกับ price list เดิมที่ระบุ 5 Free 2 / 10 Free 6 / 30 Free 20,5 Free 2 ; 10 Free 6 ; 30 Free 20,5.0,1.0,p.19,Scaler Tips-Refine,price_last,OK,
R-TI120-02,Scaler tip EMS Endodontics E10D,Scaler tips,Refine,ชิ้น,Guilin Refine Medical Instrument,227.5,650.0,720.0,460.0,380.0,0.65,0.5054000000000001,0.40130000000000005,PRICELIST_LEGACY,,,BUY 5 FREE 1 / BUY 10 FREE 3 / BUY 30 FREE 12 — ขัดกับ price list เดิมที่ระบุ 5 Free 2 / 10 Free 6 / 30 Free 20,5 Free 2 ; 10 Free 6 ; 30 Free 20,5.0,1.0,p.19,Scaler Tips-Refine,price_last,OK,
R-TI121-02,Scaler tip EMS Endodontics E11D,Scaler tips,Refine,ชิ้น,Guilin Refine Medical Instrument,227.5,650.0,720.0,460.0,380.0,0.65,0.5054000000000001,0.40130000000000005,PRICELIST_LEGACY,,,BUY 5 FREE 1 / BUY 10 FREE 3 / BUY 30 FREE 12 — ขัดกับ price list เดิมที่ระบุ 5 Free 2 / 10 Free 6 / 30 Free 20,5 Free 2 ; 10 Free 6 ; 30 Free 20,5.0,1.0,p.19,Scaler Tips-Refine,price_last,OK,
R-TI122-02,Scaler tip EMS Endodontics E12D,Scaler tips,Refine,ชิ้น,Guilin Refine Medical Instrument,350.0,1800.0,2000.0,1300.0,590.0,0.8056000000000001,0.7308,0.4068,PRICELIST_LEGACY,,,BUY 5 FREE 1 / BUY 10 FREE 3 / BUY 30 FREE 12 — ขัดกับ price list เดิมที่ระบุ 5 Free 2 / 10 Free 6 / 30 Free 20,5 Free 2 ; 10 Free 6 ; 30 Free 20,5.0,1.0,p.19,Scaler Tips-Refine,price_last,OK,
R-TI123-02,Scaler tip EMS Endodontics E14,Scaler tips,Refine,ชิ้น,Guilin Refine Medical Instrument,175.0,500.0,550.0,350.0,300.0,0.65,0.5,0.4167,PRICELIST_LEGACY,,,BUY 5 FREE 1 / BUY 10 FREE 3 / BUY 30 FREE 12 — ขัดกับ price list เดิมที่ระบุ 5 Free 2 / 10 Free 6 / 30 Free 20,5 Free 2 ; 10 Free 6 ; 30 Free 20,5.0,1.0,p.19,Scaler Tips-Refine,price_last,OK,
R-TI124-02,Scaler tip EMS Endodontics E14D,Scaler tips,Refine,ชิ้น,Guilin Refine Medical Instrument,203.0,650.0,720.0,460.0,340.0,0.6877,0.5587,0.40290000000000004,PRICELIST_LEGACY,,,BUY 5 FREE 1 / BUY 10 FREE 3 / BUY 30 FREE 12 — ขัดกับ price list เดิมที่ระบุ 5 Free 2 / 10 Free 6 / 30 Free 20,5 Free 2 ; 10 Free 6 ; 30 Free 20,5.0,1.0,p.19,Scaler Tips-Refine,price_last,OK,
R-TI125-02,Scaler tip EMS Endodontics E15,Scaler tips,Refine,ชิ้น,Guilin Refine Medical Instrument,175.0,500.0,550.0,350.0,300.0,0.65,0.5,0.4167,PRICELIST_LEGACY,,,BUY 5 FREE 1 / BUY 10 FREE 3 / BUY 30 FREE 12 — ขัดกับ price list เดิมที่ระบุ 5 Free 2 / 10 Free 6 / 30 Free 20,5 Free 2 ; 10 Free 6 ; 30 Free 20,5.0,1.0,p.19,Scaler Tips-Refine,price_last,OK,
R-TI126-02,Scaler tip EMS Endodontics E15D,Scaler tips,Refine,ชิ้น,Guilin Refine Medical Instrument,175.0,650.0,720.0,460.0,300.0,0.7308,0.6196,0.4167,PRICELIST_LEGACY,,,BUY 5 FREE 1 / BUY 10 FREE 3 / BUY 30 FREE 12 — ขัดกับ price list เดิมที่ระบุ 5 Free 2 / 10 Free 6 / 30 Free 20,5 Free 2 ; 10 Free 6 ; 30 Free 20,5.0,1.0,p.19,Scaler Tips-Refine,price_last,OK,
A-HP003-02,Suction tip ( 16 mm pipeline),Dental chair,Tribest,แพ็ค,Tribest Dental Product,,250.0,280.0,,,,,,PRICELIST_LEGACY,,,,,,,,Supply&Orther,price_last,PENDING_COST,ยังไม่มีต้นทุน คำนวณ Dealer/Last ไม่ได้
A-HP004-02,Suction tip ( 11 mm pipeline),Dental chair,Tribest,แพ็ค,Tribest Dental Product,,250.0,280.0,,,,,,PRICELIST_LEGACY,,,,,,,,Supply&Orther,price_last,PENDING_COST,ยังไม่มีต้นทุน คำนวณ Dealer/Last ไม่ได้
A-HP005-02,Saliva ejector adapter,Dental chair,Tribest,แพ็ค,Tribest Dental Product,,120.0,130.0,,,,,,PRICELIST_LEGACY,,,,,,,,Supply&Orther,price_last,PENDING_COST,ยังไม่มีต้นทุน คำนวณ Dealer/Last ไม่ได้
F-CD001-01,Gingival Retraction Cord B000#,Dental chair,Fyll,กระปุก,"Foshan Feiyi Medical Technology Co., Ltd",49.0,350.0,390.0,250.0,90.0,0.86,0.804,0.4556,CATALOG_LIST,350.0,262.5,BUY 3 FREE 1 (Retraction cord ทุกเบอร์),,3.0,1.0,p.22,Supply&Orther,price_last,OK,
F-CD002-01,Gingival Retraction Cord B00#,Dental chair,Fyll,กระปุก,"Foshan Feiyi Medical Technology Co., Ltd",49.0,350.0,390.0,250.0,90.0,0.86,0.804,0.4556,CATALOG_LIST,350.0,262.5,BUY 3 FREE 1 (Retraction cord ทุกเบอร์),,3.0,1.0,p.22,Supply&Orther,price_last,OK,
F-CD003-01,Gingival Retraction Cord 0#,Dental chair,Fyll,กระปุก,"Foshan Feiyi Medical Technology Co., Ltd",49.0,350.0,390.0,250.0,90.0,0.86,0.804,0.4556,CATALOG_LIST,350.0,262.5,BUY 3 FREE 1 (Retraction cord ทุกเบอร์),,3.0,1.0,p.22,Supply&Orther,price_last,OK,
F-CD004-01,Gingival Retraction Cord 1#,Dental chair,Fyll,กระปุก,"Foshan Feiyi Medical Technology Co., Ltd",49.0,350.0,390.0,250.0,90.0,0.86,0.804,0.4556,CATALOG_LIST,350.0,262.5,BUY 3 FREE 1 (Retraction cord ทุกเบอร์),,3.0,1.0,p.22,Supply&Orther,price_last,OK,
G-DS001-01,GER-MA-WAY : Disinfectant - alcohol (Blue),Dental chair,SUPERIOR SOLUTIONS,กระปุก,SUPERIOR SOLUTIONS COMPANY LIMITED,211.0027027027,490.0,540.0,410.0,360.0,0.5694,0.4854,0.41390000000000005,PRICELIST_LEGACY,,,,,,,,Supply&Orther,price_last,OK,
G-DS001-02,GER-MA-WAY : Disinfectant - alcohol Free (Yellow),Dental chair,SUPERIOR SOLUTIONS,กระปุก,SUPERIOR SOLUTIONS COMPANY LIMITED,288.9391891892,690.0,760.0,560.0,490.0,0.5812,0.484,0.4103,PRICELIST_LEGACY,,,,,,,,Supply&Orther,price_last,OK,
H-AD001-01,HugeBond Universal (5ml),Dental chair,VinciSmile,กล่อง,Shandong Huge Dental Material Corporaion,525.0,1750.0,1900.0,1300.0,880.0,0.7000000000000001,0.5962000000000001,0.40340000000000004,CATALOG_LIST,1750.0,1312.5,BUY 3 FREE 1,3 Free 1,3.0,1.0,p.36,Supply&Orther,price_last,OK,
H-AD002-01,P-Etchant phosphoric acid etching gel (3ml),Dental chair,VinciSmile,กล่อง,Shandong Huge Dental Material Corporaion,122.5,350.0,390.0,250.0,210.0,0.65,0.51,0.4167,CATALOG_LIST,350.0,250.0,BUY 5 FREE 2 — แคตตาล็อกระบุ 350 (price list มี 2 ราคา 350/850),5 Free 2,5.0,2.0,p.36,Supply&Orther,price_last,OK,
H-AD003-01,HF-Etchant hydrofluoric acid etching gel (1.2ml),Dental chair,VinciSmile,กล่อง,Shandong Huge Dental Material Corporaion,122.5,350.0,390.0,250.0,210.0,0.65,0.51,0.4167,CATALOG_LIST,350.0,250.0,BUY 5 FREE 2 — แคตตาล็อกระบุ 350 (price list เดิม 550),5 Free 2,5.0,2.0,p.37,Supply&Orther,price_last,OK,
L-DP011-01,Autoclave Tape 12mm*50m,Dental chair,Lion,ม้วน,"Shanghai Lion Dental Co., Ltd.",33.6,220.0,240.0,160.0,60.0,0.8473,0.79,0.44,PRICELIST_LEGACY,,,,,,,,Supply&Orther,price_last,OK,
L-DP012-01,เสื้อกันรังสี (Medical X-rays protective) - Size S,Dental chair,Lion,ตัว,"Shanghai Lion Dental Co., Ltd.",1400.0,5900.0,6500.0,4200.0,2400.0,0.7627,0.6667000000000001,0.4167,PRICELIST_LEGACY,,,,,,,,Supply&Orther,price_last,OK,
L-DP013-01,เสื้อกันรังสี (Medical X-rays protective) - Size M,Dental chair,Lion,ตัว,"Shanghai Lion Dental Co., Ltd.",1400.0,6900.0,7600.0,4900.0,2400.0,0.7971,0.7143,0.4167,PRICELIST_LEGACY,,,,,,,,Supply&Orther,price_last,OK,
L-DP014-01,Splint (square/hard 1.0) - 20 pcs/bag,Dental chair,Lion,แพ็ค,"Shanghai Lion Dental Co., Ltd.",103.25,650.0,720.0,460.0,180.0,0.8412000000000001,0.7755000000000001,0.4264,CATALOG_LIST,650.0,465.0,BUY 5 FREE 2,,5.0,2.0,p.22,Supply&Orther,price_last,OK,
L-DP015-01,Splint (square/soft 1.0) - 20 pcs/bag,Dental chair,Lion,แพ็ค,"Shanghai Lion Dental Co., Ltd.",103.25,650.0,720.0,460.0,180.0,0.8412000000000001,0.7755000000000001,0.4264,CATALOG_LIST,650.0,465.0,BUY 5 FREE 2,,5.0,2.0,p.22,Supply&Orther,price_last,OK,
L-DP016-01,"หมวกคลุมผมอนามัย (14 gsm, 100 pcs/bag)",Dental chair,Lion,แพ็ค,"Shanghai Lion Dental Co., Ltd.",49.0,140.0,150.0,100.0,90.0,0.65,0.51,0.4556,PRICELIST_LEGACY,,,,,,,,Supply&Orther,price_last,OK,
L-DP017-01,Retainer box (Eco series),Dental chair,Lion,ชิ้น,"Shanghai Lion Dental Co., Ltd.",5.6,15.0,20.0,15.0,10.0,0.6267,0.6267,0.44,PRICELIST_LEGACY,,,,,,,,Supply&Orther,price_last,REVIEW,ต้นทุนสูงเกินไป ราคา Dealer ทำ GP 48% ไม่ได้
L-DP018-01,"Medical X-rays protective (แบบตัวสั้น, children)",Dental chair,Lion,ตัว,"Shanghai Lion Dental Co., Ltd.",2275.0,5900.0,6500.0,4400.0,3800.0,0.6144000000000001,0.483,0.40130000000000005,PRICELIST_LEGACY,,,,,,,,Supply&Orther,price_last,OK,
N-MT001-01,Mixing Tip M1 - 1:1 (50 pcs/bag),Dental chair,Nicejoon,แพ็ค,"Kunshan Dual Adhesive Package International Trade co.,ltd",140.0,300.0,330.0,270.0,240.0,0.5333,0.48150000000000004,0.4167,CATALOG_LIST,300.0,,50 pcs/pack — แบบ 100 pcs/pack 250 BUY 3 FREE 1 = 187.5,,,,p.23,Supply&Orther,price_last,OK,
N-MT002-01,Mixing Tip M2 1:1 (50 pcs/bag),Dental chair,Nicejoon,แพ็ค,"Kunshan Dual Adhesive Package International Trade co.,ltd",112.0,300.0,330.0,220.0,190.0,0.6267,0.4909,0.41050000000000003,CATALOG_LIST,300.0,,50 pcs/pack — แบบ 100 pcs/pack 250 BUY 3 FREE 1 = 187.5,,,,p.23,Supply&Orther,price_last,OK,
N-MT003-01,Mixing Tip M3 t 1:1 (50 pcs/bag),Dental chair,Nicejoon,แพ็ค,"Kunshan Dual Adhesive Package International Trade co.,ltd",112.0,300.0,330.0,220.0,190.0,0.6267,0.4909,0.41050000000000003,CATALOG_LIST,300.0,,50 pcs/pack — แบบ 100 pcs/pack 250 BUY 3 FREE 1 = 187.5,,,,p.23,Supply&Orther,price_last,OK,
N-MT004-01,Mixing Tip M4 1:1 (50 pcs/bag),Dental chair,Nicejoon,แพ็ค,"Kunshan Dual Adhesive Package International Trade co.,ltd",112.0,300.0,330.0,220.0,190.0,0.6267,0.4909,0.41050000000000003,CATALOG_LIST,300.0,,50 pcs/pack — แบบ 100 pcs/pack 250 BUY 3 FREE 1 = 187.5,,,,p.23,Supply&Orther,price_last,OK,
N-MT005-01,Mixing Tip M5 10:1 (50 pcs/bag),Dental chair,Nicejoon,แพ็ค,"Kunshan Dual Adhesive Package International Trade co.,ltd",112.0,300.0,330.0,220.0,190.0,0.6267,0.4909,0.41050000000000003,CATALOG_LIST,300.0,,50 pcs/pack — แบบ 100 pcs/pack 250 BUY 3 FREE 1 = 187.5,,,,p.23,Supply&Orther,price_last,OK,
N-MT006-01,Mixing Tip M6 1:1 (50 pcs/bag),Dental chair,Nicejoon,แพ็ค,"Kunshan Dual Adhesive Package International Trade co.,ltd",112.0,300.0,330.0,220.0,190.0,0.6267,0.4909,0.41050000000000003,CATALOG_LIST,300.0,,50 pcs/pack — แบบ 100 pcs/pack 250 BUY 3 FREE 1 = 187.5,,,,p.23,Supply&Orther,price_last,OK,
N-MT007-01,Mixing Tip M7 1:1 (50 pcs/bag),Dental chair,Nicejoon,แพ็ค,"Kunshan Dual Adhesive Package International Trade co.,ltd",112.0,300.0,330.0,220.0,190.0,0.6267,0.4909,0.41050000000000003,CATALOG_LIST,300.0,,50 pcs/pack — แบบ 100 pcs/pack 250 BUY 3 FREE 1 = 187.5,,,,p.23,Supply&Orther,price_last,OK,
N-MT008-01,Mixing Tip M8 10:1 (50 pcs/bag),Dental chair,Nicejoon,แพ็ค,"Kunshan Dual Adhesive Package International Trade co.,ltd",112.0,300.0,330.0,220.0,190.0,0.6267,0.4909,0.41050000000000003,CATALOG_LIST,300.0,,50 pcs/pack — แบบ 100 pcs/pack 250 BUY 3 FREE 1 = 187.5,,,,p.23,Supply&Orther,price_last,OK,
N-MT009-01,Mixing Tip M9 10:1 (50 pcs/bag),Dental chair,Nicejoon,แพ็ค,"Kunshan Dual Adhesive Package International Trade co.,ltd",112.0,300.0,330.0,220.0,190.0,0.6267,0.4909,0.41050000000000003,CATALOG_LIST,300.0,,50 pcs/pack — แบบ 100 pcs/pack 250 BUY 3 FREE 1 = 187.5,,,,p.23,Supply&Orther,price_last,OK,
N-MT010-01,Intra Oral tip (100pcs/bag),Dental chair,Nicejoon,แพ็ค,"Kunshan Dual Adhesive Package International Trade co.,ltd",84.0,250.0,280.0,180.0,140.0,0.664,0.5333,0.4,PRICELIST_LEGACY,,,,,,,,Supply&Orther,price_last,OK,
N-MT011-01,Intra Canal tip (100pcs/bag),Dental chair,Nicejoon,แพ็ค,"Kunshan Dual Adhesive Package International Trade co.,ltd",84.0,250.0,280.0,180.0,140.0,0.664,0.5333,0.4,PRICELIST_LEGACY,,,,,,,,Supply&Orther,price_last,OK,
N-MT012-01,Dynamix Mixers - Y (50 pcs/bag),Dental chair,Nicejoon,แพ็ค,"Kunshan Dual Adhesive Package International Trade co.,ltd",210.0,600.0,660.0,420.0,350.0,0.65,0.5,0.4,PRICELIST_LEGACY,,,,,,,,Supply&Orther,price_last,OK,
N-MT013-01,Dynamix Mixers - R (50 pcs/bag),Dental chair,Nicejoon,แพ็ค,"Kunshan Dual Adhesive Package International Trade co.,ltd",210.0,600.0,660.0,420.0,350.0,0.65,0.5,0.4,PRICELIST_LEGACY,,,,,,,,Supply&Orther,price_last,OK,
N-MT014-01,Silicone gun (1:1)-50ml,Dental chair,Nicejoon,ชิ้น,"Kunshan Dual Adhesive Package International Trade co.,ltd",297.5,850.0,940.0,600.0,500.0,0.65,0.5042,0.405,CATALOG_SPECIAL,1000.0,,,,,,p.23,Supply&Orther,price_last,OK,
S-SP012-01,"Rubber dam sheet 5*5"" (52 pes)",Dental chair,Tribest,กล่อง,Tribest Dental Product,157.5,350.0,390.0,310.0,270.0,0.55,0.4919,0.4167,CATALOG_SPECIAL,380.0,,,,,,p.22,Supply&Orther,price_last,OK,
S-SP013-01,"Rubber dam sheet 6*6"" (36 pes)",Dental chair,Tribest,กล่อง,Tribest Dental Product,156.1,350.0,390.0,310.0,270.0,0.554,0.4965,0.4219,CATALOG_SPECIAL,380.0,,,,,,p.22,Supply&Orther,price_last,OK,
S-SP021-01,Articulating paper-Straight-50um-red,Dental chair,Tribest,กล่อง,Tribest Dental Product,60.2,400.0,440.0,280.0,110.0,0.8495,0.785,0.45270000000000005,CATALOG_LIST,400.0,,10 box @350,10 box = 350.-/box,,,p.24,Supply&Orther,price_last,OK,
S-SP024-01,Articulating paper-Horse shoe-100 um-red/blue,Dental chair,Tribest,กล่อง,Tribest Dental Product,210.0,500.0,550.0,410.0,350.0,0.58,0.4878,0.4,CATALOG_LIST,500.0,,10 box @450,10 box = 450.-/box,,,p.24,Supply&Orther,price_last,OK,
T-DP001-01,"Saliva ejector, removable tip (100 pcs)",Dental chair,Tribest,แพ็ค,Tribest Dental Product,39.2,125.0,140.0,90.0,70.0,0.6864,0.5644,0.44,CATALOG_SPECIAL,150.0,,ซื้อครบ 30 ถุง เหลือ 95 — price list เดิม 120,,,,p.22,Supply&Orther,price_last,OK,
T-DP002-01,"Sterilization flat reel, 5cm*200m (2"")",Dental chair,Tribest,ม้วน,Tribest Dental Product,39.55,380.0,420.0,270.0,70.0,0.8959,0.8535,0.435,PRICELIST_LEGACY,,,,,,,,Supply&Orther,price_last,OK,
T-DP003-01,"Sterilization flat reel, 7.5cm*200m (3"")",Dental chair,Tribest,ม้วน,Tribest Dental Product,133.0,520.0,570.0,370.0,230.0,0.7442000000000001,0.6405000000000001,0.4217,PRICELIST_LEGACY,,,,,,,,Supply&Orther,price_last,OK,
T-DP004-01,"Sterilization flat reel, 10cm*200m (4"")",Dental chair,Tribest,ม้วน,Tribest Dental Product,202.3,760.0,840.0,540.0,340.0,0.7338,0.6254000000000001,0.405,PRICELIST_LEGACY,,,,,,,,Supply&Orther,price_last,OK,
T-DP005-01,"Sterilization flat reel, 15cm*200m (6"")",Dental chair,Tribest,ม้วน,Tribest Dental Product,269.5,1000.0,1100.0,700.0,450.0,0.7305,0.615,0.4011,PRICELIST_LEGACY,,,,,,,,Supply&Orther,price_last,OK,
T-DP006-01,"Sterilization flat reel, 20cm*200m (8"")",Dental chair,Tribest,ม้วน,Tribest Dental Product,402.5,1200.0,1300.0,840.0,680.0,0.6646000000000001,0.5208,0.4081,PRICELIST_LEGACY,,,,,,,,Supply&Orther,price_last,OK,
T-DP007-01,"Sterilization flat reel, 25cm*200m (10"")",Dental chair,Tribest,ม้วน,Tribest Dental Product,539.0,1500.0,1700.0,1100.0,900.0,0.6407,0.51,0.4011,PRICELIST_LEGACY,,,,,,,,Supply&Orther,price_last,OK,
T-DP008-01,"Sterilization flat reel, 30cm*200m (12"")",Dental chair,Tribest,ม้วน,Tribest Dental Product,672.0,2300.0,2500.0,1700.0,1200.0,0.7078,0.6047,0.44,PRICELIST_LEGACY,,,,,,,,Supply&Orther,price_last,OK,
T-DP009-01,"Dental needle, 27G - 32 mm",Dental chair,Tribest,กล่อง,Tribest Dental Product,94.5,220.0,240.0,190.0,160.0,0.5705,0.5026,0.40940000000000004,CATALOG_LIST,220.0,,BUY 20 FREE 4 / BUY 50 FREE 12,,20.0,4.0,p.22,Supply&Orther,price_last,OK,
T-DP010-01,"Dental needle, 30G - 21 mm",Dental chair,Tribest,กล่อง,Tribest Dental Product,94.5,220.0,240.0,190.0,160.0,0.5705,0.5026,0.40940000000000004,CATALOG_LIST,220.0,,BUY 20 FREE 4 / BUY 50 FREE 12,,20.0,4.0,p.22,Supply&Orther,price_last,OK,
T-DP011-01,"Rubber Dam,5""X5"", green (52 pcs/box)",Dental chair,Tribest,กล่อง,Tribest Dental Product,162.75,350.0,390.0,320.0,280.0,0.535,0.4914,0.4188,PRICELIST_LEGACY,,,,,,,,Supply&Orther,price_last,OK,
T-DP012-01,"Rubber Dam,6“X6"", blue (36 pcs/box)",Dental chair,Tribest,กล่อง,Tribest Dental Product,156.1,350.0,390.0,310.0,270.0,0.554,0.4965,0.4219,PRICELIST_LEGACY,,,,,,,,Supply&Orther,price_last,OK,
T-DP013-01,"Articulation paper (thin blue, 50um)",Dental chair,Tribest,กล่อง,Tribest Dental Product,63.0,400.0,440.0,280.0,110.0,0.8425,0.775,0.4273,PRICELIST_LEGACY,,,,,,,,Supply&Orther,price_last,OK,
T-DP014-01,"Articulation paper (thin red, 30um)",Dental chair,Tribest,กล่อง,Tribest Dental Product,63.0,400.0,440.0,280.0,110.0,0.8425,0.775,0.4273,PRICELIST_LEGACY,,,,,,,,Supply&Orther,price_last,OK,
T-DP015-01,"Articulation paper (thick blue/red,100um)",Dental chair,Tribest,กล่อง,Tribest Dental Product,63.0,400.0,440.0,280.0,110.0,0.8425,0.775,0.4273,PRICELIST_LEGACY,,,,,,,,Supply&Orther,price_last,OK,
T-DP016-01,"Articulation paper (full arch,thick blue/red,100um)",Dental chair,Tribest,กล่อง,Tribest Dental Product,147.0,500.0,550.0,350.0,250.0,0.706,0.58,0.41200000000000003,PRICELIST_LEGACY,,,,,,,,Supply&Orther,price_last,OK,
T-OI001-01,"Handpiece lubricant, 500 ml",Dental chair,TorQ,ชิ้น,Modern Precision Dental Instrument,140.0,450.0,500.0,320.0,240.0,0.6889000000000001,0.5625,0.4167,PRICELIST_LEGACY,,,,,,,,Supply&Orther,price_last,OK,
Z-MT001-01,SECTIONAL MATRIX SYSTEM C2 DENTSPLY,Dental chair,ztdental,กล่อง,"Tangshan Hengxin Medical supply Co.,ltd",1234.8,3500.0,3900.0,2500.0,2100.0,0.6472,0.5061,0.41200000000000003,PRICELIST_LEGACY,,,,,,,,Supply&Orther,price_last,OK,
Z-MT002-01,SECTIONAL MATRIX SYSTEM D2 DENTSPLY,Dental chair,ztdental,กล่อง,"Tangshan Hengxin Medical supply Co.,ltd",617.4,2000.0,2200.0,1400.0,1100.0,0.6913,0.559,0.43870000000000003,PRICELIST_LEGACY,,,,,,,,Supply&Orther,price_last,OK,
Z-MT003-01,M4 DECIDUOUS,Dental chair,ztdental,กล่อง,"Tangshan Hengxin Medical supply Co.,ltd",245.0,700.0,770.0,490.0,410.0,0.65,0.5,0.40240000000000004,PRICELIST_LEGACY,,,,,,,,Supply&Orther,price_last,OK,
Z-MT004-01,M4 PRE MOLAR,Dental chair,ztdental,กล่อง,"Tangshan Hengxin Medical supply Co.,ltd",245.0,700.0,770.0,490.0,410.0,0.65,0.5,0.40240000000000004,PRICELIST_LEGACY,,,,,,,,Supply&Orther,price_last,OK,
Z-MT005-01,M4 MOLOR,Dental chair,ztdental,กล่อง,"Tangshan Hengxin Medical supply Co.,ltd",245.0,700.0,770.0,490.0,410.0,0.65,0.5,0.40240000000000004,PRICELIST_LEGACY,,,,,,,,Supply&Orther,price_last,OK,
Z-MT006-01,M4 MOLOR WITH EXTENSIONS,Dental chair,ztdental,กล่อง,"Tangshan Hengxin Medical supply Co.,ltd",245.0,700.0,770.0,490.0,410.0,0.65,0.5,0.40240000000000004,PRICELIST_LEGACY,,,,,,,,Supply&Orther,price_last,OK,
Z-MT007-01,NITI SPRING CLAMPING RING R6 1.1 DENTSPLY - Narrow,Dental chair,ztdental,กล่อง,"Tangshan Hengxin Medical supply Co.,ltd",514.5,1500.0,1700.0,1100.0,860.0,0.657,0.5323,0.4017,PRICELIST_LEGACY,,,,,,,,Supply&Orther,price_last,OK,
Z-MT008-01,NITI SPRING CLAMPING RING R6 1.1 DENTSPLY - Universal,Dental chair,ztdental,กล่อง,"Tangshan Hengxin Medical supply Co.,ltd",514.5,1500.0,1700.0,1100.0,860.0,0.657,0.5323,0.4017,PRICELIST_LEGACY,,,,,,,,Supply&Orther,price_last,OK,
Z-MT009-02,FORCEPS FOR BANDS,Dental chair,ztdental,กล่อง,"Tangshan Hengxin Medical supply Co.,ltd",720.3,1750.0,1900.0,1400.0,1300.0,0.5884,0.48550000000000004,0.4459,PRICELIST_LEGACY,,,,,,,,Supply&Orther,price_last,OK,
Z-MT010-01,TULWAR WEDGES W5.10 DENTSPLE - Large,Dental chair,ztdental,กล่อง,"Tangshan Hengxin Medical supply Co.,ltd",75.46,300.0,330.0,210.0,130.0,0.7485,0.6407,0.41950000000000004,CATALOG_LIST,300.0,225.0,BUY 3 FREE 1 (Tulwar wedges ทุกไซซ์),3 Free 1,3.0,1.0,p.21,Supply&Orther,price_last,OK,
Z-MT011-01,TULWAR WEDGES W5.10 DENTSPLE - Medium,Dental chair,ztdental,กล่อง,"Tangshan Hengxin Medical supply Co.,ltd",75.46,300.0,330.0,210.0,130.0,0.7485,0.6407,0.41950000000000004,CATALOG_LIST,300.0,225.0,BUY 3 FREE 1,,3.0,1.0,p.21,Supply&Orther,price_last,OK,
Z-MT012-01,TULWAR WEDGES W5.10 DENTSPLE - Small,Dental chair,ztdental,กล่อง,"Tangshan Hengxin Medical supply Co.,ltd",75.46,300.0,330.0,210.0,130.0,0.7485,0.6407,0.41950000000000004,CATALOG_LIST,300.0,225.0,BUY 3 FREE 1,,3.0,1.0,p.21,Supply&Orther,price_last,OK,
Z-MT013-01,"MATRIX BANDS - large, 3 holes, thickness 0.04mm",Dental chair,ztdental,กล่อง,"Tangshan Hengxin Medical supply Co.,ltd",77.0,300.0,330.0,210.0,130.0,0.7433000000000001,0.6333000000000001,0.4077,CATALOG_LIST,300.0,200.0,BUY 2 FREE 1 (Matrix bands IVORY),,2.0,1.0,p.21,Supply&Orther,price_last,OK,
Z-MT014-01,"MATRIX BANDS - medium, 2 holes, thickness 0.04mm",Dental chair,ztdental,กล่อง,"Tangshan Hengxin Medical supply Co.,ltd",77.0,300.0,330.0,210.0,130.0,0.7433000000000001,0.6333000000000001,0.4077,CATALOG_LIST,300.0,200.0,BUY 2 FREE 1,,2.0,1.0,p.21,Supply&Orther,price_last,OK,
Z-MT015-01,"MATRIX BANDS - small, 2 holes, thickness 0.04mm",Dental chair,ztdental,กล่อง,"Tangshan Hengxin Medical supply Co.,ltd",77.0,300.0,330.0,210.0,130.0,0.7433000000000001,0.6333000000000001,0.4077,CATALOG_LIST,300.0,200.0,BUY 2 FREE 1,,2.0,1.0,p.21,Supply&Orther,price_last,OK,
Z-MT016-01,"MATRIX BANDS  - straight, thickness 0.04mm, 5mm*87mm",Dental chair,ztdental,กล่อง,"Tangshan Hengxin Medical supply Co.,ltd",56.0,250.0,280.0,180.0,100.0,0.776,0.6889000000000001,0.44,CATALOG_LIST,250.0,167.0,BUY 2 FREE 1 (Matrix bands straight),,2.0,1.0,p.21,Supply&Orther,price_last,OK,
Z-MT017-01,"MATRIX BANDS- straight, thickness 0.04mm, 6mm*87mm",Dental chair,ztdental,กล่อง,"Tangshan Hengxin Medical supply Co.,ltd",56.0,250.0,280.0,180.0,100.0,0.776,0.6889000000000001,0.44,CATALOG_LIST,250.0,167.0,BUY 2 FREE 1,,2.0,1.0,p.21,Supply&Orther,price_last,OK,
Z-MT018-01,"MATRIX BANDS- straight, thickness 0.04mm, 7mm*87mm",Dental chair,ztdental,กล่อง,"Tangshan Hengxin Medical supply Co.,ltd",56.0,250.0,280.0,180.0,100.0,0.776,0.6889000000000001,0.44,CATALOG_LIST,250.0,167.0,BUY 2 FREE 1,,2.0,1.0,p.21,Supply&Orther,price_last,OK,
Z-MT019-01,"STEEL MATRIX BANDS - thickness 0.025mm, 5mm*3mm",Dental chair,ztdental,กล่อง,"Tangshan Hengxin Medical supply Co.,ltd",33.6,100.0,110.0,70.0,60.0,0.664,0.52,0.44,CATALOG_LIST,100.0,83.0,BUY 5 FREE 1 (Steel matrix bands),,5.0,1.0,p.21,Supply&Orther,price_last,OK,
Z-MT020-01,"STEEL MATRIX BANDS - thickness 0.04mm, 5mm*3mm",Dental chair,ztdental,กล่อง,"Tangshan Hengxin Medical supply Co.,ltd",33.6,100.0,110.0,70.0,60.0,0.664,0.52,0.44,CATALOG_LIST,100.0,83.0,BUY 5 FREE 1 (Steel matrix bands),,5.0,1.0,p.21,Supply&Orther,price_last,OK,
Z-MT021-01,"STEEL MATRIX BANDS - thickness 0.05mm, 5mm*3mm",Dental chair,ztdental,กล่อง,"Tangshan Hengxin Medical supply Co.,ltd",33.6,100.0,110.0,70.0,60.0,0.664,0.52,0.44,CATALOG_LIST,100.0,83.0,BUY 5 FREE 1 (Steel matrix bands),,5.0,1.0,p.21,Supply&Orther,price_last,OK,
Z-MT022-01,"STEEL MATRIX BANDS - thickness 0.025mm, 6mm*3mm",Dental chair,ztdental,กล่อง,"Tangshan Hengxin Medical supply Co.,ltd",33.6,100.0,110.0,70.0,60.0,0.664,0.52,0.44,CATALOG_LIST,100.0,83.0,BUY 5 FREE 1 (Steel matrix bands),,5.0,1.0,p.21,Supply&Orther,price_last,OK,
Z-MT023-01,"STEEL MATRIX BANDS - thickness 0.04mm, 6mm*3mm",Dental chair,ztdental,กล่อง,"Tangshan Hengxin Medical supply Co.,ltd",33.6,100.0,110.0,70.0,60.0,0.664,0.52,0.44,CATALOG_LIST,100.0,83.0,BUY 5 FREE 1 (Steel matrix bands),,5.0,1.0,p.21,Supply&Orther,price_last,OK,
Z-MT024-01,"STEEL MATRIX BANDS - thickness 0.05mm, 6mm*3mm",Dental chair,ztdental,กล่อง,"Tangshan Hengxin Medical supply Co.,ltd",33.6,100.0,110.0,70.0,60.0,0.664,0.52,0.44,CATALOG_LIST,100.0,83.0,BUY 5 FREE 1 (Steel matrix bands),,5.0,1.0,p.21,Supply&Orther,price_last,OK,
Z-MT025-01,"STEEL MATRIX BANDS - thickness 0.025mm, 7mm*3mm",Dental chair,ztdental,กล่อง,"Tangshan Hengxin Medical supply Co.,ltd",33.6,100.0,110.0,70.0,60.0,0.664,0.52,0.44,CATALOG_LIST,100.0,83.0,BUY 5 FREE 1 (Steel matrix bands),,5.0,1.0,p.21,Supply&Orther,price_last,OK,
Z-MT026-01,"STEEL MATRIX BANDS - thickness 0.04mm, 7mm*3mm",Dental chair,ztdental,กล่อง,"Tangshan Hengxin Medical supply Co.,ltd",33.6,100.0,110.0,70.0,60.0,0.664,0.52,0.44,CATALOG_LIST,100.0,83.0,BUY 5 FREE 1 (Steel matrix bands),,5.0,1.0,p.21,Supply&Orther,price_last,OK,
Z-MT027-01,"STEEL MATRIX BANDS - thickness 0.05mm, 7mm*3mm",Dental chair,ztdental,กล่อง,"Tangshan Hengxin Medical supply Co.,ltd",33.6,100.0,110.0,70.0,60.0,0.664,0.52,0.44,CATALOG_LIST,100.0,83.0,BUY 5 FREE 1 (Steel matrix bands),,5.0,1.0,p.21,Supply&Orther,price_last,OK,
Z-MT028-01,STRIPROLL-RESIN,Dental chair,ztdental,กล่อง,"Tangshan Hengxin Medical supply Co.,ltd",33.6,120.0,130.0,90.0,60.0,0.72,0.6267,0.44,CATALOG_LIST,120.0,100.0,BUY 5 FREE 1 (Striproll-resin),,5.0,1.0,p.21,Supply&Orther,price_last,OK,
Z-RE001-01,"RESIN POLISHING STRPIPS - Pink medium, width: 4mm, length: 6m",Dental chair,ztdental,กล่อง,"Tangshan Hengxin Medical supply Co.,ltd",107.1,300.0,330.0,210.0,180.0,0.643,0.49,0.405,PRICELIST_LEGACY,,,,,,,,Supply&Orther,price_last,OK,
Z-RE002-01,"RESIN POLISHING STRPIPS - Blue fine, width: 4mm, length: 6m",Dental chair,ztdental,กล่อง,"Tangshan Hengxin Medical supply Co.,ltd",107.1,300.0,330.0,210.0,180.0,0.643,0.49,0.405,PRICELIST_LEGACY,,,,,,,,Supply&Orther,price_last,OK,
Z-RE003-01,"RESIN POLISHING STRPIPS - Orange Extra-fine, width: 4mm, length: 6m",Dental chair,ztdental,กล่อง,"Tangshan Hengxin Medical supply Co.,ltd",107.1,300.0,330.0,210.0,180.0,0.643,0.49,0.405,PRICELIST_LEGACY,,,,,,,,Supply&Orther,price_last,OK,
Z-RE004-01,"RESIN POLISHING STRPIPS - Pink medium, width: 2.5mm, length: 6m",Dental chair,ztdental,กล่อง,"Tangshan Hengxin Medical supply Co.,ltd",107.1,300.0,330.0,210.0,180.0,0.643,0.49,0.405,PRICELIST_LEGACY,,,,,,,,Supply&Orther,price_last,OK,
Z-RE005-01,"RESIN POLISHING STRPIPS - Blue fine, width: 2.5mm, length: 6m",Dental chair,ztdental,กล่อง,"Tangshan Hengxin Medical supply Co.,ltd",107.1,300.0,330.0,210.0,180.0,0.643,0.49,0.405,PRICELIST_LEGACY,,,,,,,,Supply&Orther,price_last,OK,
Z-SP001-01,BARRIER ENVELOPES size 0,Dental chair,ztdental,กล่อง,"Tangshan Hengxin Medical supply Co.,ltd",49.0,750.0,830.0,530.0,90.0,0.9347000000000001,0.9075000000000001,0.4556,CATALOG_LIST,750.0,,BUY 1 FREE 1 = 375,1 Free 1,1.0,1.0,p.21,Supply&Orther,price_last,OK,
Z-SP002-01,BARRIER ENVELOPES size 1,Dental chair,ztdental,กล่อง,"Tangshan Hengxin Medical supply Co.,ltd",49.0,750.0,830.0,530.0,90.0,0.9347000000000001,0.9075000000000001,0.4556,PRICELIST_LEGACY,,,,,,,,Supply&Orther,price_last,OK,
Z-SP003-01,BARRIER ENVELOPES size 2,Dental chair,ztdental,กล่อง,"Tangshan Hengxin Medical supply Co.,ltd",49.0,750.0,830.0,530.0,90.0,0.9347000000000001,0.9075000000000001,0.4556,PRICELIST_LEGACY,,,,,,,,Supply&Orther,price_last,OK,
Z-SP004-01,BARRIER ENVELOPES size 3,Dental chair,ztdental,กล่อง,"Tangshan Hengxin Medical supply Co.,ltd",49.0,750.0,830.0,530.0,90.0,0.9347000000000001,0.9075000000000001,0.4556,PRICELIST_LEGACY,,,,,,,,Supply&Orther,price_last,OK,
Z-SP005-01,BARRIER ENVELOPES size 4,Dental chair,ztdental,กล่อง,"Tangshan Hengxin Medical supply Co.,ltd",49.0,750.0,830.0,530.0,90.0,0.9347000000000001,0.9075000000000001,0.4556,PRICELIST_LEGACY,,,,,,,,Supply&Orther,price_last,OK,
Z-SP006-01,PAPER COVER (CARBOARD),Dental chair,ztdental,กล่อง,"Tangshan Hengxin Medical supply Co.,ltd",29.4,120.0,130.0,90.0,50.0,0.755,0.6733,0.41200000000000003,CATALOG_SPECIAL,150.0,,,,,,p.21,Supply&Orther,price_last,OK,
Z-SP007-01,COMPLETE FILM POSITIONING SYSTEM,Dental chair,ztdental,กล่อง,"Tangshan Hengxin Medical supply Co.,ltd",428.75,1250.0,1400.0,880.0,720.0,0.657,0.5128,0.4045,PRICELIST_LEGACY,,,,,,,,Supply&Orther,price_last,OK,
Z-SP008-01,DENTAL IMPRESSION TRAY DISPENSER,Dental chair,ztdental,กล่อง,"Tangshan Hengxin Medical supply Co.,ltd",140.0,650.0,720.0,460.0,240.0,0.7846000000000001,0.6957,0.4167,CATALOG_LIST,650.0,,BUY 1 FREE 1 = 325,,1.0,1.0,p.21,Supply&Orther,price_last,OK,
Z-SP009-01,Implant impression tray (Autoclavable) - S  (1pc upper+ 1pc lower),Dental chair,ztdental,เซต,"Tangshan Hengxin Medical supply Co.,ltd",32.9,50.0,60.0,50.0,50.0,0.342,0.342,0.342,PRICELIST_LEGACY,,,,12 Free 3,12.0,3.0,,Supply&Orther,price_last,REVIEW,ต้นทุนสูงเกินไป ราคา Dealer ทำ GP 48% ไม่ได้ / ราคาเอกชนมี GP เพียง 34.2% ต่ำกว่าเกณฑ์ 40%
Z-SP010-01,Implant impression tray (Autoclavable) - M (1pc upper+ 1pc lower),Dental chair,ztdental,เซต,"Tangshan Hengxin Medical supply Co.,ltd",32.9,50.0,60.0,50.0,50.0,0.342,0.342,0.342,PRICELIST_LEGACY,,,,,,,,Supply&Orther,price_last,REVIEW,ต้นทุนสูงเกินไป ราคา Dealer ทำ GP 48% ไม่ได้ / ราคาเอกชนมี GP เพียง 34.2% ต่ำกว่าเกณฑ์ 40%
Z-SP011-01,Implant impression tray (Autoclavable) - L (1pc upper+ 1pc lower),Dental chair,ztdental,เซต,"Tangshan Hengxin Medical supply Co.,ltd",32.9,50.0,60.0,50.0,50.0,0.342,0.342,0.342,PRICELIST_LEGACY,,,,,,,,Supply&Orther,price_last,REVIEW,ต้นทุนสูงเกินไป ราคา Dealer ทำ GP 48% ไม่ได้ / ราคาเอกชนมี GP เพียง 34.2% ต่ำกว่าเกณฑ์ 40%
Z-SP012-01,Orthodontic impression tray (Disposable) -S  (1pc upper+ 1pc lower),Dental chair,ztdental,เซต,"Tangshan Hengxin Medical supply Co.,ltd",7.0,50.0,60.0,40.0,20.0,0.86,0.8250000000000001,0.65,PRICELIST_LEGACY,,,,,,,,Supply&Orther,price_last,OK,
Z-SP013-01,Orthodontic impression tray (Disposable) -M  (1pc upper+ 1pc lower),Dental chair,ztdental,เซต,"Tangshan Hengxin Medical supply Co.,ltd",7.0,50.0,60.0,40.0,20.0,0.86,0.8250000000000001,0.65,PRICELIST_LEGACY,,,,,,,,Supply&Orther,price_last,OK,
Z-SP014-01,Orthodontic impression tray (Disposable) -L  (1pc upper+ 1pc lower),Dental chair,ztdental,เซต,"Tangshan Hengxin Medical supply Co.,ltd",7.0,50.0,60.0,40.0,20.0,0.86,0.8250000000000001,0.65,PRICELIST_LEGACY,,,,,,,,Supply&Orther,price_last,OK,
Z-SP015-01,Micro Brush applicators - Fine (สีเหลือง) - 100 pcs/pk,Dental chair,ztdental,กล่อง,"Tangshan Hengxin Medical supply Co.,ltd",15.75,80.0,90.0,60.0,30.0,0.8031,0.7375,0.47500000000000003,CATALOG_LIST,80.0,67.0,BUY 5 GET 1 = 67 / BUY 10 GET 3 = 61.5,5 Free 1 ; 10 Free 3,5.0,1.0,p.23,Supply&Orther,price_last,OK,
Z-SP016-01,Micro Brush applicators - Regular (สีน้ำเงิน) - 100 pcs/pk,Dental chair,ztdental,กล่อง,"Tangshan Hengxin Medical supply Co.,ltd",15.75,80.0,90.0,60.0,30.0,0.8031,0.7375,0.47500000000000003,CATALOG_LIST,80.0,67.0,BUY 5 GET 1 / BUY 10 GET 3,,5.0,1.0,p.23,Supply&Orther,price_last,OK,
Z-SP017-01,Micro Brush applicators - Cylinder (สีดำ) - 100 pcs/pk,Dental chair,ztdental,กล่อง,"Tangshan Hengxin Medical supply Co.,ltd",15.75,80.0,90.0,60.0,30.0,0.8031,0.7375,0.47500000000000003,CATALOG_LIST,80.0,67.0,BUY 5 GET 1 / BUY 10 GET 3,,5.0,1.0,p.23,Supply&Orther,price_last,OK,
Z-SP018-01,Micro Brush applicators - Extra-fine (สีขาว) - 100 pcs/pk,Dental chair,ztdental,กล่อง,"Tangshan Hengxin Medical supply Co.,ltd",15.75,80.0,90.0,60.0,30.0,0.8031,0.7375,0.47500000000000003,CATALOG_LIST,80.0,67.0,BUY 5 GET 1 / BUY 10 GET 3,,5.0,1.0,p.23,Supply&Orther,price_last,OK,
Z-SP020-01,Wedge guards M3 3.0 - Small-green (24 pcs/pk),Dental chair,ztdental,แพ็ค,"Tangshan Hengxin Medical supply Co.,ltd",61.74,180.0,200.0,130.0,110.0,0.657,0.5251,0.43870000000000003,CATALOG_LIST,180.0,150.0,BUY 5 FREE 1 (Wedge guard ทุกไซซ์),5 Free 1,5.0,1.0,p.21,Supply&Orther,price_last,OK,
Z-SP021-01,Wedge guards M3 3.0 - Medium-orange (24 pcs/pk),Dental chair,ztdental,แพ็ค,"Tangshan Hengxin Medical supply Co.,ltd",61.74,180.0,200.0,130.0,110.0,0.657,0.5251,0.43870000000000003,CATALOG_LIST,180.0,150.0,BUY 5 FREE 1,,5.0,1.0,p.21,Supply&Orther,price_last,OK,
Z-SP022-01,Wedge guards M3 3.0 - Large-purple (24 pcs/pk),Dental chair,ztdental,แพ็ค,"Tangshan Hengxin Medical supply Co.,ltd",61.74,180.0,200.0,130.0,110.0,0.657,0.5251,0.43870000000000003,CATALOG_LIST,180.0,150.0,BUY 5 FREE 1,,5.0,1.0,p.21,Supply&Orther,price_last,OK,
Z-SP027-01,Diamond wedges W4 2.0 - Extra small/Yellow (40pcs/pk),Dental chair,ztdental,แพ็ค,"Tangshan Hengxin Medical supply Co.,ltd",88.9,280.0,310.0,200.0,150.0,0.6825,0.5555,0.4073,CATALOG_LIST,280.0,233.0,BUY 5 FREE 1 (Diamond wedge ทุกไซซ์),5 Free 1,5.0,1.0,p.21,Supply&Orther,price_last,OK,
Z-SP028-01,Diamond wedges W4 2.0 - Small/Blue (40pcs/pk),Dental chair,ztdental,แพ็ค,"Tangshan Hengxin Medical supply Co.,ltd",88.9,280.0,310.0,200.0,150.0,0.6825,0.5555,0.4073,CATALOG_LIST,280.0,233.0,BUY 5 FREE 1,,5.0,1.0,p.21,Supply&Orther,price_last,OK,
Z-SP029-01,Diamond wedges W4 2.0 - Medium/Light orange (40pcs/pk),Dental chair,ztdental,แพ็ค,"Tangshan Hengxin Medical supply Co.,ltd",88.9,280.0,310.0,200.0,150.0,0.6825,0.5555,0.4073,CATALOG_LIST,280.0,233.0,BUY 5 FREE 1,,5.0,1.0,p.21,Supply&Orther,price_last,OK,
Z-SP030-01,Diamond wedges W4 2.0 - Deep/Pink (40pcs/pk),Dental chair,ztdental,แพ็ค,"Tangshan Hengxin Medical supply Co.,ltd",88.9,280.0,310.0,200.0,150.0,0.6825,0.5555,0.4073,CATALOG_LIST,280.0,233.0,BUY 5 FREE 1,,5.0,1.0,p.21,Supply&Orther,price_last,OK,
Z-SP031-01,Diamond wedges W4 2.0 - Extra Large/Orange (40pcs/pk),Dental chair,ztdental,แพ็ค,"Tangshan Hengxin Medical supply Co.,ltd",88.9,280.0,310.0,200.0,150.0,0.6825,0.5555,0.4073,CATALOG_LIST,280.0,233.0,BUY 5 FREE 1,,5.0,1.0,p.21,Supply&Orther,price_last,OK,
